title,link,date
MSCA Doctoral Networks 2025,"ec.europa.eu/info/funding-tenders/opportunities/portal/screen/opportunities/topic-details/HORIZON-MSCA-2025-DN-01-01?isExactMatch=true&status=31094501,31094502,31094503&order=DESC&pageNumber=9&pageSize=50&sortBy=startDate",2025-11-25
Cyber security and resilience in the energy sector in the Nordic region,"ec.europa.eu/info/funding-tenders/opportunities/portal/screen/opportunities/competitive-calls-cs/12262?isExactMatch=true&status=31094501,31094502,31094503&order=DESC&pageNumber=3&pageSize=50&sortBy=startDate",2025-11-26
Welfare monitoring: data driven risk assessment in fast and slower growing broilers (BROWARD),"ec.europa.eu/info/funding-tenders/opportunities/portal/screen/opportunities/topic-details/EUBA-EFSA-2025-BIOHAW-01?isExactMatch=true&status=31094501,31094502,31094503&order=DESC&pageNumber=7&pageSize=50&sortBy=startDate",2025-11-26
Support for the Ukrainian tech SMEs and startups,"ec.europa.eu/info/funding-tenders/opportunities/portal/screen/opportunities/topic-details/HORIZON-EIC-2025-UKRAINIANTECH-01?isExactMatch=true&status=31094501,31094502,31094503&order=DESC&pageNumber=5&pageSize=50&sortBy=startDate",2025-11-26
2nd Call for Proposals CBC BiH MNE,"ec.europa.eu/info/funding-tenders/opportunities/portal/screen/opportunities/prospect-details/184762PROSPECTSEN?isExactMatch=true&status=31094501,31094502,31094503&order=DESC&pageNumber=3&pageSize=50&sortBy=startDate",2025-11-28
[Deadline extended] - Funding for SMEs and start-ups investing in innovation in the biofertilizers and biostimulants sector - CALL FOR APPLICATIONS,"ec.europa.eu/info/funding-tenders/opportunities/portal/screen/opportunities/competitive-calls-cs/11670?isExactMatch=true&status=31094501,31094502,31094503&order=DESC&pageNumber=5&pageSize=50&sortBy=startDate",2025-11-28
EIT RawMaterials KAVA CALL 13 - UPSCALING,"ec.europa.eu/info/funding-tenders/opportunities/portal/screen/opportunities/competitive-calls-cs/9141?isExactMatch=true&status=31094501,31094502,31094503&order=DESC&pageNumber=28&pageSize=50&sortBy=startDate",2025-11-28
SYNAPSE OPEN CALL,"ec.europa.eu/info/funding-tenders/opportunities/portal/screen/opportunities/competitive-calls-cs/12121?isExactMatch=true&status=31094501,31094502,31094503&order=DESC&pageNumber=2&pageSize=50&sortBy=startDate",2025-11-28
EIT RawMaterials KAVA call 13 - RIS Innovation and Capacity Building,"ec.europa.eu/info/funding-tenders/opportunities/portal/screen/opportunities/competitive-calls-cs/9162?isExactMatch=true&status=31094501,31094502,31094503&order=DESC&pageNumber=27&pageSize=50&sortBy=startDate",2025-11-28
Cyber Resilience Boost: Supporting capacity building for cyber resilience of products,"ec.europa.eu/info/funding-tenders/opportunities/portal/screen/opportunities/competitive-calls-cs/11722?isExactMatch=true&status=31094501,31094502,31094503&order=DESC&pageNumber=4&pageSize=50&sortBy=startDate",2025-11-30
VR Health Champions Open Call 2026,"ec.europa.eu/info/funding-tenders/opportunities/portal/screen/opportunities/competitive-calls-cs/11825?isExactMatch=true&status=31094501,31094502,31094503&order=DESC&pageNumber=3&pageSize=50&sortBy=startDate",2025-11-30
Small Grants for Grassroots Coding Projects in Ireland as part of EU Code Week,"ec.europa.eu/info/funding-tenders/opportunities/portal/screen/opportunities/competitive-calls-cs/11881?isExactMatch=true&status=31094501,31094502,31094503&order=DESC&pageNumber=3&pageSize=50&sortBy=startDate",2025-11-30
FERRO Open Call for Associated Regions,"ec.europa.eu/info/funding-tenders/opportunities/portal/screen/opportunities/competitive-calls-cs/11663?isExactMatch=true&status=31094501,31094502,31094503&order=DESC&pageNumber=5&pageSize=50&sortBy=startDate",2025-11-30
MK 24 IPA FA 01 25 TWL Strengthening the capacity of Financial Inspection and Anti-Fraud Coordination Services (AFCOS),"ec.europa.eu/info/funding-tenders/opportunities/portal/screen/opportunities/prospect-details/185299PROSPECTSEN?isExactMatch=true&status=31094501,31094502,31094503&order=DESC&pageNumber=3&pageSize=50&sortBy=startDate",2025-12-01
zukunft.niedersachsen: Lower Saxony Impulse Professorship,https://zukunft.niedersachsen.de/en/funding-offers/lower-saxony-impulse-professorship/,2025-12-01
NGI Fediversity open call (2025-12F),"ec.europa.eu/info/funding-tenders/opportunities/portal/screen/opportunities/competitive-calls-cs/11901?isExactMatch=true&status=31094501,31094502,31094503&order=DESC&pageNumber=3&pageSize=50&sortBy=startDate",2025-12-01
zukunft.niedersachsen: Lower Saxony Impulse Professorship,https://zukunft.niedersachsen.de/en/funding-offers/lower-saxony-impulse-professorship/,2025-12-01
NGI TALER open call (2025-12T),"ec.europa.eu/info/funding-tenders/opportunities/portal/screen/opportunities/competitive-calls-cs/11904?isExactMatch=true&status=31094501,31094502,31094503&order=DESC&pageNumber=3&pageSize=50&sortBy=startDate",2025-12-01
SME Market Expansion Open Call 2026,"ec.europa.eu/info/funding-tenders/opportunities/portal/screen/opportunities/competitive-calls-cs/11906?isExactMatch=true&status=31094501,31094502,31094503&order=DESC&pageNumber=3&pageSize=50&sortBy=startDate",2025-12-01
NGI Mobifree open call (2025-12M),"ec.europa.eu/info/funding-tenders/opportunities/portal/screen/opportunities/competitive-calls-cs/11903?isExactMatch=true&status=31094501,31094502,31094503&order=DESC&pageNumber=3&pageSize=50&sortBy=startDate",2025-12-01
The NCC-IS Cybersecurity Grant (FSTP),"ec.europa.eu/info/funding-tenders/opportunities/portal/screen/opportunities/competitive-calls-cs/11784?isExactMatch=true&status=31094501,31094502,31094503&order=DESC&pageNumber=3&pageSize=50&sortBy=startDate",2025-12-01
Enhance Open Call,"ec.europa.eu/info/funding-tenders/opportunities/portal/screen/opportunities/competitive-calls-cs/11883?isExactMatch=true&status=31094501,31094502,31094503&order=DESC&pageNumber=3&pageSize=50&sortBy=startDate",2025-12-01
zukunft.niedersachsen: Lower Saxony Impulse Professorship,https://zukunft.niedersachsen.de/en/funding-offers/lower-saxony-impulse-professorship/,2025-12-01
NGI Zero Commons Fund (2025-12Z),"ec.europa.eu/info/funding-tenders/opportunities/portal/screen/opportunities/competitive-calls-cs/11902?isExactMatch=true&status=31094501,31094502,31094503&order=DESC&pageNumber=3&pageSize=50&sortBy=startDate",2025-12-01
zukunft.niedersachsen: Lower Saxony Impulse Professorship,https://zukunft.niedersachsen.de/en/funding-offers/lower-saxony-impulse-professorship/,2025-12-01
6th REINFORCING Open Call (Incubators Call) on “Responsible Innovation”,"ec.europa.eu/info/funding-tenders/opportunities/portal/screen/opportunities/competitive-calls-cs/11882?isExactMatch=true&status=31094501,31094502,31094503&order=DESC&pageNumber=3&pageSize=50&sortBy=startDate",2025-12-02
Building a trustworthy social media sphere: countering disinformation on social media  for young Europeans,"ec.europa.eu/info/funding-tenders/opportunities/portal/screen/opportunities/topic-details/PPPA-2025-DISINFORMATION-YOUNG?isExactMatch=true&status=31094501,31094502,31094503&order=DESC&pageNumber=3&pageSize=50&sortBy=startDate",2025-12-02
TV and online content Animation projects,"ec.europa.eu/info/funding-tenders/opportunities/portal/screen/opportunities/topic-details/CREA-MEDIA-2026-TVONLINE-1?isExactMatch=true&status=31094501,31094502,31094503&order=DESC&pageNumber=3&pageSize=50&sortBy=startDate",2025-12-03
TV and online content Documentary projects,"ec.europa.eu/info/funding-tenders/opportunities/portal/screen/opportunities/topic-details/CREA-MEDIA-2026-TVONLINE-2?isExactMatch=true&status=31094501,31094502,31094503&order=DESC&pageNumber=3&pageSize=50&sortBy=startDate",2025-12-03
European slate development,"ec.europa.eu/info/funding-tenders/opportunities/portal/screen/opportunities/topic-details/CREA-MEDIA-2026-DEVSLATE?isExactMatch=true&status=31094501,31094502,31094503&order=DESC&pageNumber=3&pageSize=50&sortBy=startDate",2025-12-03
MSCA Choose Europe for Science 2025,"ec.europa.eu/info/funding-tenders/opportunities/portal/screen/opportunities/topic-details/HORIZON-MSCA-2025-COFUND-02-01?isExactMatch=true&status=31094501,31094502,31094503&order=DESC&pageNumber=3&pageSize=50&sortBy=startDate",2025-12-03
TV and online content Fiction projects,"ec.europa.eu/info/funding-tenders/opportunities/portal/screen/opportunities/topic-details/CREA-MEDIA-2026-TVONLINE-3?isExactMatch=true&status=31094501,31094502,31094503&order=DESC&pageNumber=3&pageSize=50&sortBy=startDate",2025-12-03
"Call for proposals to support the development of innovative medical countermeasures for chemical, biological, radiological and nuclear threats (HERA) - Medicinal products","ec.europa.eu/info/funding-tenders/opportunities/portal/screen/opportunities/topic-details/EU4H-2025-HERA-PJ-1-a?isExactMatch=true&status=31094501,31094502,31094503&order=DESC&pageNumber=5&pageSize=50&sortBy=startDate",2025-12-04
Selection of partners to carry out EUROPE DIRECT activities (2026-2030) in Poland - 2,"ec.europa.eu/info/funding-tenders/opportunities/portal/screen/opportunities/topic-details/ED-2025-POLAND-2-FPA?isExactMatch=true&status=31094501,31094502,31094503&order=DESC&pageNumber=2&pageSize=50&sortBy=startDate",2025-12-04
"Call for proposals to support the development of innovative medical countermeasures for chemical, biological, radiological and nuclear threats (HERA) - Reusable respiratory personal protective equipment (PPE)","ec.europa.eu/info/funding-tenders/opportunities/portal/screen/opportunities/topic-details/EU4H-2025-HERA-PJ-1-b?isExactMatch=true&status=31094501,31094502,31094503&order=DESC&pageNumber=5&pageSize=50&sortBy=startDate",2025-12-04
Call for proposals for the development of new diagnostic tests for vector-borne diseases (HERA),"ec.europa.eu/info/funding-tenders/opportunities/portal/screen/opportunities/topic-details/EU4H-2025-HERA-PJ-2?isExactMatch=true&status=31094501,31094502,31094503&order=DESC&pageNumber=5&pageSize=50&sortBy=startDate",2025-12-04
"Call for proposals to support the development of innovative medical countermeasures for chemical, biological, radiological and nuclear threats (HERA) - Detection and diagnosis","ec.europa.eu/info/funding-tenders/opportunities/portal/screen/opportunities/topic-details/EU4H-2025-HERA-PJ-1-c?isExactMatch=true&status=31094501,31094502,31094503&order=DESC&pageNumber=5&pageSize=50&sortBy=startDate",2025-12-04
RIZA Call for proposals,"ec.europa.eu/info/funding-tenders/opportunities/portal/screen/opportunities/competitive-calls-cs/11681?isExactMatch=true&status=31094501,31094502,31094503&order=DESC&pageNumber=5&pageSize=50&sortBy=startDate",2025-12-05
ZMINA:Resilience Seed Funding,"ec.europa.eu/info/funding-tenders/opportunities/portal/screen/opportunities/competitive-calls-cs/11821?isExactMatch=true&status=31094501,31094502,31094503&order=DESC&pageNumber=3&pageSize=50&sortBy=startDate",2025-12-05
EU support to strengthen capacities of the Statistical Office of the Republic of Serbia to implement capital stock survey and land estimation,"ec.europa.eu/info/funding-tenders/opportunities/portal/screen/opportunities/prospect-details/185362PROSPECTSEN?isExactMatch=true&status=31094501,31094502,31094503&order=DESC&pageNumber=2&pageSize=50&sortBy=startDate",2025-12-05
QuantERA Call 2025 for Transnational Research Proposals supporting the topics of Quantum Phenomena and Resources and Applied Quantum Science,"ec.europa.eu/info/funding-tenders/opportunities/portal/screen/opportunities/competitive-calls-cs/11501?isExactMatch=true&status=31094501,31094502,31094503&order=DESC&pageNumber=5&pageSize=50&sortBy=startDate",2025-12-05
"“Strengthening the Capacities of the Higher Institute of Magistracy to Contribute to the Efficiency of the Judicial System”""","ec.europa.eu/info/funding-tenders/opportunities/portal/screen/opportunities/prospect-details/185325PROSPECTSEN?isExactMatch=true&status=31094501,31094502,31094503&order=DESC&pageNumber=3&pageSize=50&sortBy=startDate",2025-12-05
"""Funding for Cyber"" - supporting the uptake and dissemination of state-of-the-art cybersecurity solutions by SMEs.","ec.europa.eu/info/funding-tenders/opportunities/portal/screen/opportunities/competitive-calls-cs/9341?isExactMatch=true&status=31094501,31094502,31094503&order=DESC&pageNumber=3&pageSize=50&sortBy=startDate",2025-12-08
Support to the development and certification of EU Digital Identity Wallets,"ec.europa.eu/info/funding-tenders/opportunities/portal/screen/opportunities/topic-details/DIGITAL-2025-BESTUSE-TECH-09-WALLET?isExactMatch=true&status=31094501,31094502,31094503&order=DESC&pageNumber=3&pageSize=50&sortBy=startDate",2025-12-09
Support the roll-out of EU Mobile Driving Licences,"ec.europa.eu/info/funding-tenders/opportunities/portal/screen/opportunities/topic-details/DIGITAL-2025-BESTUSE-TECH-09-MDL?isExactMatch=true&status=31094501,31094502,31094503&order=DESC&pageNumber=3&pageSize=50&sortBy=startDate",2025-12-09
SWITCH-Asia Programme - Scaling up Sustainable Consumption and Production under Global Gateway,"ec.europa.eu/info/funding-tenders/opportunities/portal/screen/opportunities/prospect-details/184950PROSPECTSEN?isExactMatch=true&status=31094501,31094502,31094503&order=DESC&pageNumber=2&pageSize=50&sortBy=startDate",2025-12-10
Selection of partners to carry out EUROPE DIRECT activities (2026-2030) in Belgium - 2,"ec.europa.eu/info/funding-tenders/opportunities/portal/screen/opportunities/topic-details/ED-2025-BELGIUM-2-FPA?isExactMatch=true&status=31094501,31094502,31094503&order=DESC&pageNumber=1&pageSize=50&sortBy=startDate",2025-12-11
Call4Travel Vouchers - Part 2,"ec.europa.eu/info/funding-tenders/opportunities/portal/screen/opportunities/competitive-calls-cs/12042?isExactMatch=true&status=31094501,31094502,31094503&order=DESC&pageNumber=2&pageSize=50&sortBy=startDate",2025-12-15
"European Joint Master’s Programme in Digital Society, Social Innovation and Global Citizenship (DIGISOC) Student Scholarship Programme - Academic Year 2025/2026 - Call for Application","ec.europa.eu/info/funding-tenders/opportunities/portal/screen/opportunities/competitive-calls-cs/11905?isExactMatch=true&status=31094501,31094502,31094503&order=DESC&pageNumber=3&pageSize=50&sortBy=startDate",2025-12-15
"EU NDICI Support to Civil Society, Human Rights and Democracy in Palestine (NDICI Country Allocation, Budget 2025 & 2026)","ec.europa.eu/info/funding-tenders/opportunities/portal/screen/opportunities/prospect-details/185003PROSPECTSEN?isExactMatch=true&status=31094501,31094502,31094503&order=DESC&pageNumber=1&pageSize=50&sortBy=startDate",2025-12-30
DANUBElifelines Call for Associated Regions,"ec.europa.eu/info/funding-tenders/opportunities/portal/screen/opportunities/competitive-calls-cs/11641?isExactMatch=true&status=31094501,31094502,31094503&order=DESC&pageNumber=5&pageSize=50&sortBy=startDate",2025-12-31
Funding for Coding Projects within the Framework of EU Code Week,"ec.europa.eu/info/funding-tenders/opportunities/portal/screen/opportunities/competitive-calls-cs/12141?isExactMatch=true&status=31094501,31094502,31094503&order=DESC&pageNumber=2&pageSize=50&sortBy=startDate",2025-12-31
FuseNet Support of Master Students going on an internship abroad,"ec.europa.eu/info/funding-tenders/opportunities/portal/screen/opportunities/competitive-calls-cs/10082?isExactMatch=true&status=31094501,31094502,31094503&order=DESC&pageNumber=23&pageSize=50&sortBy=startDate",2025-12-31
FuseNet Call for the Organisation of Mini-Workshops in Fusion ,"ec.europa.eu/info/funding-tenders/opportunities/portal/screen/opportunities/competitive-calls-cs/10085?isExactMatch=true&status=31094501,31094502,31094503&order=DESC&pageNumber=23&pageSize=50&sortBy=startDate",2025-12-31
FuseNet Support of Master Students  in attending Educational Events ,"ec.europa.eu/info/funding-tenders/opportunities/portal/screen/opportunities/competitive-calls-cs/10084?isExactMatch=true&status=31094501,31094502,31094503&order=DESC&pageNumber=23&pageSize=50&sortBy=startDate",2025-12-31
Permanently Open Call for Targeted Innovation Projects,"ec.europa.eu/info/funding-tenders/opportunities/portal/screen/opportunities/competitive-calls-cs/4602?isExactMatch=true&status=31094501,31094502,31094503&order=DESC&pageNumber=45&pageSize=50&sortBy=startDate",2025-12-31
METU Internships Offer,"ec.europa.eu/info/funding-tenders/opportunities/portal/screen/opportunities/competitive-calls-cs/11143?isExactMatch=true&status=31094501,31094502,31094503&order=DESC&pageNumber=6&pageSize=50&sortBy=startDate",2026-01-03
Code4Spain&Portugal - 2nd round ,"ec.europa.eu/info/funding-tenders/opportunities/portal/screen/opportunities/competitive-calls-cs/12182?isExactMatch=true&status=31094501,31094502,31094503&order=DESC&pageNumber=2&pageSize=50&sortBy=startDate",2026-01-03
Gnomon Internships Offer,"ec.europa.eu/info/funding-tenders/opportunities/portal/screen/opportunities/competitive-calls-cs/11145?isExactMatch=true&status=31094501,31094502,31094503&order=DESC&pageNumber=7&pageSize=50&sortBy=startDate",2026-01-03
Call for proposal for or impact-oriented programme development and thematic resource centres – re-launch for Lot 2,"ec.europa.eu/info/funding-tenders/opportunities/portal/screen/opportunities/competitive-calls-cs/12341?isExactMatch=true&status=31094501,31094502,31094503&order=DESC&pageNumber=1&pageSize=50&sortBy=startDate",2026-01-05
Open Call for Women-Led Deep-Tech Startups,"ec.europa.eu/info/funding-tenders/opportunities/portal/screen/opportunities/competitive-calls-cs/12222?isExactMatch=true&status=31094501,31094502,31094503&order=DESC&pageNumber=2&pageSize=50&sortBy=startDate",2026-01-05
Call for proposals to pilot and implement cancer screening programmes for lung cancer,"ec.europa.eu/info/funding-tenders/opportunities/portal/screen/opportunities/topic-details/EU4H-2026-SANTE-PJ-02?isExactMatch=true&status=31094501,31094502,31094503&order=DESC&pageNumber=4&pageSize=50&sortBy=startDate",2026-01-06
Call for proposals for health data for biotech innovation leveraging the European Health Data Space,"ec.europa.eu/info/funding-tenders/opportunities/portal/screen/opportunities/topic-details/EU4H-2026-SANTE-PJ-08?isExactMatch=true&status=31094501,31094502,31094503&order=DESC&pageNumber=4&pageSize=50&sortBy=startDate",2026-01-06
Call for proposals to pilot and implement cancer screening programmes for prostate cancer,"ec.europa.eu/info/funding-tenders/opportunities/portal/screen/opportunities/topic-details/EU4H-2026-SANTE-PJ-03?isExactMatch=true&status=31094501,31094502,31094503&order=DESC&pageNumber=4&pageSize=50&sortBy=startDate",2026-01-06
"AUSSCHREIBUNG 2. Runde – Fördermittel für Coding-Projekte zur Stärkung digitaler Kompetenzen von Kindern und Jugendlichen mit dem Fokus auf Mädchen im Rahmen der EU Code Week (Call for proposals 2nd round - Funding for coding project to boost digital skills of young pupils, in particular girls, in the EU Code Week framework)","ec.europa.eu/info/funding-tenders/opportunities/portal/screen/opportunities/competitive-calls-cs/12062?isExactMatch=true&status=31094501,31094502,31094503&order=DESC&pageNumber=2&pageSize=50&sortBy=startDate",2026-01-06
"Call for proposals for a programme on orphan medical devices, in particular targeting paediatric patients","ec.europa.eu/info/funding-tenders/opportunities/portal/screen/opportunities/topic-details/EU4H-2026-SANTE-PJ-07?isExactMatch=true&status=31094501,31094502,31094503&order=DESC&pageNumber=4&pageSize=50&sortBy=startDate",2026-01-06
Call for proposals to contribute to the organisation of conferences and events,"ec.europa.eu/info/funding-tenders/opportunities/portal/screen/opportunities/topic-details/EU4H-2026-SANTE-PJ-09?isExactMatch=true&status=31094501,31094502,31094503&order=DESC&pageNumber=4&pageSize=50&sortBy=startDate",2026-01-06
Call for proposals to pilot and implement cancer screening programmes for gastric cancer,"ec.europa.eu/info/funding-tenders/opportunities/portal/screen/opportunities/topic-details/EU4H-2026-SANTE-PJ-01?isExactMatch=true&status=31094501,31094502,31094503&order=DESC&pageNumber=4&pageSize=50&sortBy=startDate",2026-01-06
"A European flagship initiative leveraging AI and health data for cardiovascular health and related non-communicable diseases: Advancing Risk Prediction, Prevention, Treatments, Personalised Care and Rehabilitation","ec.europa.eu/info/funding-tenders/opportunities/portal/screen/opportunities/topic-details/EU4H-2026-SANTE-PJ-04?isExactMatch=true&status=31094501,31094502,31094503&order=DESC&pageNumber=4&pageSize=50&sortBy=startDate",2026-01-06
"Call for proposals to support the development of a medicine pricing, reimbursement and access tracker through the EURIPID database","ec.europa.eu/info/funding-tenders/opportunities/portal/screen/opportunities/topic-details/EU4H-2026-SANTE-PJ-06?isExactMatch=true&status=31094501,31094502,31094503&order=DESC&pageNumber=4&pageSize=50&sortBy=startDate",2026-01-06
Call for proposals on lifelong prevention for a healthy life with focus on cardiovascular diseases,"ec.europa.eu/info/funding-tenders/opportunities/portal/screen/opportunities/topic-details/EU4H-2026-SANTE-PJ-05?isExactMatch=true&status=31094501,31094502,31094503&order=DESC&pageNumber=4&pageSize=50&sortBy=startDate",2026-01-06
Rapid Response Grants,"ec.europa.eu/info/funding-tenders/opportunities/portal/screen/opportunities/competitive-calls-cs/11782?isExactMatch=true&status=31094501,31094502,31094503&order=DESC&pageNumber=4&pageSize=50&sortBy=startDate",2026-01-07
"Building resilience: strategic enhancement of the Palestinian Civil Defence Vehicle, Equipment and Logistics Department","ec.europa.eu/info/funding-tenders/opportunities/portal/screen/opportunities/prospect-details/185355PROSPECTSEN?isExactMatch=true&status=31094501,31094502,31094503&order=DESC&pageNumber=1&pageSize=50&sortBy=startDate",2026-01-08
Quantum Grand Challenge,"ec.europa.eu/info/funding-tenders/opportunities/portal/screen/opportunities/topic-details/HORIZON-JU-EUROHPC-2026-QGC-02-01?isExactMatch=true&status=31094501,31094502,31094503&order=DESC&pageNumber=3&pageSize=50&sortBy=startDate",2026-01-08
Πρόσκληση για προτάσεις:Μικρές Επιχορηγήσεις για Έργα Κωδικοποίησης. Invitation for Small Grants for Coding Projects,"ec.europa.eu/info/funding-tenders/opportunities/portal/screen/opportunities/competitive-calls-cs/12183?isExactMatch=true&status=31094501,31094502,31094503&order=DESC&pageNumber=1&pageSize=50&sortBy=startDate",2026-01-10
Test and Demonstration of Multimodal Data Approaches for Personalised Medicine      (“MultiPMData2026”),"ec.europa.eu/info/funding-tenders/opportunities/portal/screen/opportunities/competitive-calls-cs/11621?isExactMatch=true&status=31094501,31094502,31094503&order=DESC&pageNumber=3&pageSize=50&sortBy=startDate",2026-01-12
Support to the National Center for Commercial Register (CNRC),"ec.europa.eu/info/funding-tenders/opportunities/portal/screen/opportunities/prospect-details/185456PROSPECTSEN?isExactMatch=true&status=31094501,31094502,31094503&order=DESC&pageNumber=2&pageSize=50&sortBy=startDate",2026-01-12
Small Grants Coding Projects for the Nordic Region,"ec.europa.eu/info/funding-tenders/opportunities/portal/screen/opportunities/competitive-calls-cs/12201?isExactMatch=true&status=31094501,31094502,31094503&order=DESC&pageNumber=1&pageSize=50&sortBy=startDate",2026-01-12
Code4Europe - empowering the new generation of Young Digital Europeans. ,"ec.europa.eu/info/funding-tenders/opportunities/portal/screen/opportunities/competitive-calls-cs/12224?isExactMatch=true&status=31094501,31094502,31094503&order=DESC&pageNumber=1&pageSize=50&sortBy=startDate",2026-01-13
ERC CONSOLIDATOR GRANTS,"ec.europa.eu/info/funding-tenders/opportunities/portal/screen/opportunities/topic-details/ERC-2026-COG?isExactMatch=true&status=31094501,31094502,31094503&order=DESC&pageNumber=3&pageSize=50&sortBy=startDate",2026-01-13
Support for information measures relating to the common agricultural policy (IMCAP),"ec.europa.eu/info/funding-tenders/opportunities/portal/screen/opportunities/topic-details/IMCAP-2026-INFOME?isExactMatch=true&status=31094501,31094502,31094503&order=DESC&pageNumber=3&pageSize=50&sortBy=startDate",2026-01-14
Risk Assessments in Southern Eu,"ec.europa.eu/info/funding-tenders/opportunities/portal/screen/opportunities/topic-details/EUBA-EFSA-2025-BIOHAW-04-02-Lot2?isExactMatch=true&status=31094501,31094502,31094503&order=DESC&pageNumber=3&pageSize=50&sortBy=startDate",2026-01-15
Risk Assessment in Western Eu,"ec.europa.eu/info/funding-tenders/opportunities/portal/screen/opportunities/topic-details/EUBA-EFSA-2025-BIOHAW-04-03-Lot3?isExactMatch=true&status=31094501,31094502,31094503&order=DESC&pageNumber=3&pageSize=50&sortBy=startDate",2026-01-15
Risk Assessments in Northern Eu,"ec.europa.eu/info/funding-tenders/opportunities/portal/screen/opportunities/topic-details/EUBA-EFSA-2025-BIOHAW-04-01-Lot1?isExactMatch=true&status=31094501,31094502,31094503&order=DESC&pageNumber=3&pageSize=50&sortBy=startDate",2026-01-15
Innovative tools and business models,"ec.europa.eu/info/funding-tenders/opportunities/portal/screen/opportunities/topic-details/CREA-MEDIA-2026-INNOVBUSMOD?isExactMatch=true&status=31094501,31094502,31094503&order=DESC&pageNumber=3&pageSize=50&sortBy=startDate",2026-01-15
EUROLakes Replication Call,"ec.europa.eu/info/funding-tenders/opportunities/portal/screen/opportunities/competitive-calls-cs/12061?isExactMatch=true&status=31094501,31094502,31094503&order=DESC&pageNumber=2&pageSize=50&sortBy=startDate",2026-01-15
Information measures for the EU Cohesion policy for 2025,"ec.europa.eu/info/funding-tenders/opportunities/portal/screen/opportunities/topic-details/IMREG-2025-INFOME?isExactMatch=true&status=31094501,31094502,31094503&order=DESC&pageNumber=3&pageSize=50&sortBy=startDate",2026-01-15
UNITE Open Call 1 for Joint Interregional Projects ,"ec.europa.eu/info/funding-tenders/opportunities/portal/screen/opportunities/competitive-calls-cs/12003?isExactMatch=true&status=31094501,31094502,31094503&order=DESC&pageNumber=3&pageSize=50&sortBy=startDate",2026-01-15
ERC 2026 PERA,"ec.europa.eu/info/funding-tenders/opportunities/portal/screen/opportunities/topic-details/ERC-2026-PERA?isExactMatch=true&status=31094501,31094502,31094503&order=DESC&pageNumber=3&pageSize=50&sortBy=startDate",2026-01-15
Perform EU,"ec.europa.eu/info/funding-tenders/opportunities/portal/screen/opportunities/topic-details/CREA-CULT-2026-PERFORM-EU?isExactMatch=true&status=31094501,31094502,31094503&order=DESC&pageNumber=2&pageSize=50&sortBy=startDate",2026-01-15
Risk Assessment in Eastern Eu,"ec.europa.eu/info/funding-tenders/opportunities/portal/screen/opportunities/topic-details/EUBA-EFSA-2025-BIOHAW-04-04-Lot4?isExactMatch=true&status=31094501,31094502,31094503&order=DESC&pageNumber=3&pageSize=50&sortBy=startDate",2026-01-15
"COPILOT Extra Call4Travel Vouchers - Open call 3 - BIOKET
","ec.europa.eu/info/funding-tenders/opportunities/portal/screen/opportunities/competitive-calls-cs/12406?isExactMatch=true&status=31094501,31094502,31094503&order=DESC&pageNumber=1&pageSize=50&sortBy=startDate",2026-01-17
Convocatoria a proyectos en Perú bajo los Programas Temáticos de Sociedad Civil y Derechos Humanos & Democracia,"ec.europa.eu/info/funding-tenders/opportunities/portal/screen/opportunities/prospect-details/185333PROSPECTSEN?isExactMatch=true&status=31094501,31094502,31094503&order=DESC&pageNumber=1&pageSize=50&sortBy=startDate",2026-01-19
"PhotonQBoost Open Call for Solutions, Missions, Trainings and Services","ec.europa.eu/info/funding-tenders/opportunities/portal/screen/opportunities/competitive-calls-cs/12381?isExactMatch=true&status=31094501,31094502,31094503&order=DESC&pageNumber=1&pageSize=50&sortBy=startDate",2026-01-19
Call for Applications: 2026 Catalyse NEB,"ec.europa.eu/info/funding-tenders/opportunities/portal/screen/opportunities/competitive-calls-cs/11841?isExactMatch=true&status=31094501,31094502,31094503&order=DESC&pageNumber=2&pageSize=50&sortBy=startDate",2026-01-19
Scaling up deep tech ecosystems,"ec.europa.eu/info/funding-tenders/opportunities/portal/screen/opportunities/topic-details/HORIZON-EIE-2026-01-CONNECT-03?isExactMatch=true&status=31094501,31094502,31094503&order=DESC&pageNumber=5&pageSize=50&sortBy=startDate",2026-01-20
Community Centres of Excellence,"ec.europa.eu/info/funding-tenders/opportunities/portal/screen/opportunities/topic-details/HORIZON-JU-EUROHPC-2026-COE-LH-01-01?isExactMatch=true&status=31094501,31094502,31094503&order=DESC&pageNumber=9&pageSize=50&sortBy=startDate",2026-01-20
"Boosting the transformation towards climate-neutral cities, the net-zero economy and open strategic autonomy through Pre-Commercial Procurement (PCP)","ec.europa.eu/info/funding-tenders/opportunities/portal/screen/opportunities/topic-details/HORIZON-MISS-2026-04-PCP-CIT-01?isExactMatch=true&status=31094501,31094502,31094503&order=DESC&pageNumber=17&pageSize=50&sortBy=startDate",2026-01-20
Integrating inland waterway transport in smart shipping and multimodal logistics chains,"ec.europa.eu/info/funding-tenders/opportunities/portal/screen/opportunities/topic-details/HORIZON-CL5-2026-01-D6-10?isExactMatch=true&status=31094501,31094502,31094503&order=DESC&pageNumber=4&pageSize=50&sortBy=startDate",2026-01-20
"Innovative construction and maintenance, with the use of new materials and techniques, for resilient and sustainable transport infrastructure","ec.europa.eu/info/funding-tenders/opportunities/portal/screen/opportunities/topic-details/HORIZON-CL5-2026-01-D6-07?isExactMatch=true&status=31094501,31094502,31094503&order=DESC&pageNumber=4&pageSize=50&sortBy=startDate",2026-01-20
Development of sustainable and design-to-cost batteries with (energy-)efficient manufacturing processes and based on advanced and safer materials (Batt4EU Partnership),"ec.europa.eu/info/funding-tenders/opportunities/portal/screen/opportunities/topic-details/HORIZON-CL5-2026-01-D2-01?isExactMatch=true&status=31094501,31094502,31094503&order=DESC&pageNumber=4&pageSize=50&sortBy=startDate",2026-01-20
Predicting and avoiding road crashes based on Artificial Intelligence (AI) and big data,"ec.europa.eu/info/funding-tenders/opportunities/portal/screen/opportunities/topic-details/HORIZON-CL5-2026-01-D6-14?isExactMatch=true&status=31094501,31094502,31094503&order=DESC&pageNumber=4&pageSize=50&sortBy=startDate",2026-01-20
Integration of human driving behaviour in the validation of CCAM systems (CCAM Partnership),"ec.europa.eu/info/funding-tenders/opportunities/portal/screen/opportunities/topic-details/HORIZON-CL5-2026-01-D6-04?isExactMatch=true&status=31094501,31094502,31094503&order=DESC&pageNumber=4&pageSize=50&sortBy=startDate",2026-01-20
Monitoring and Evaluation of the Societal Readiness Pilot,"ec.europa.eu/info/funding-tenders/opportunities/portal/screen/opportunities/topic-details/HORIZON-CL5-2026-01-D2-09?isExactMatch=true&status=31094501,31094502,31094503&order=DESC&pageNumber=4&pageSize=50&sortBy=startDate",2026-01-20
Federated CCAM data exchange platform (CCAM Partnership),"ec.europa.eu/info/funding-tenders/opportunities/portal/screen/opportunities/topic-details/HORIZON-CL5-2026-01-D6-06?isExactMatch=true&status=31094501,31094502,31094503&order=DESC&pageNumber=4&pageSize=50&sortBy=startDate",2026-01-20
"Safety of Cyclists, Pedestrians and Users of Micromobility Devices","ec.europa.eu/info/funding-tenders/opportunities/portal/screen/opportunities/topic-details/HORIZON-CL5-2026-01-D6-13?isExactMatch=true&status=31094501,31094502,31094503&order=DESC&pageNumber=4&pageSize=50&sortBy=startDate",2026-01-20
"Integrating advanced materials, cell design and manufacturing development for high-performance batteries aimed at mobility (Batt4EU Partnership)","ec.europa.eu/info/funding-tenders/opportunities/portal/screen/opportunities/topic-details/HORIZON-CL5-2026-01-D2-04?isExactMatch=true&status=31094501,31094502,31094503&order=DESC&pageNumber=4&pageSize=50&sortBy=startDate",2026-01-20
"Accelerated multi-physical and virtual testing for battery aging, reliability, and safety evaluation (Batt4EU Partnership)","ec.europa.eu/info/funding-tenders/opportunities/portal/screen/opportunities/topic-details/HORIZON-CL5-2026-01-D2-05?isExactMatch=true&status=31094501,31094502,31094503&order=DESC&pageNumber=3&pageSize=50&sortBy=startDate",2026-01-20
"Next-generation environment perception for real world CCAM operations: Error-free and secure technologies to improve energy-efficiency, cost-effectiveness, and circularity (CCAM Partnership)","ec.europa.eu/info/funding-tenders/opportunities/portal/screen/opportunities/topic-details/HORIZON-CL5-2026-01-D6-03?isExactMatch=true&status=31094501,31094502,31094503&order=DESC&pageNumber=3&pageSize=50&sortBy=startDate",2026-01-20
European network of national competence centers for innovation procurement,"ec.europa.eu/info/funding-tenders/opportunities/portal/screen/opportunities/topic-details/HORIZON-EIE-2026-01-CONNECT-01?isExactMatch=true&status=31094501,31094502,31094503&order=DESC&pageNumber=5&pageSize=50&sortBy=startDate",2026-01-20
"Approaches, verification and training for Edge-AI building blocks for CCAM Systems (CCAM Partnership)","ec.europa.eu/info/funding-tenders/opportunities/portal/screen/opportunities/topic-details/HORIZON-CL5-2026-01-D6-05?isExactMatch=true&status=31094501,31094502,31094503&order=DESC&pageNumber=3&pageSize=50&sortBy=startDate",2026-01-20
Accelerating freight transport and logistics digital innovation,"ec.europa.eu/info/funding-tenders/opportunities/portal/screen/opportunities/topic-details/HORIZON-CL5-2026-01-D6-08?isExactMatch=true&status=31094501,31094502,31094503&order=DESC&pageNumber=3&pageSize=50&sortBy=startDate",2026-01-20
Expanding Investment Ecosystems,"ec.europa.eu/info/funding-tenders/opportunities/portal/screen/opportunities/topic-details/HORIZON-EIE-2026-01-CONNECT-02?isExactMatch=true&status=31094501,31094502,31094503&order=DESC&pageNumber=5&pageSize=50&sortBy=startDate",2026-01-20
Markets and Networking,"ec.europa.eu/info/funding-tenders/opportunities/portal/screen/opportunities/topic-details/CREA-MEDIA-2026-MARKETNET?isExactMatch=true&status=31094501,31094502,31094503&order=DESC&pageNumber=3&pageSize=50&sortBy=startDate",2026-01-20
Real time monitoring of regulated and non-regulated emissions from all types of vessels and other port activities in order to enforce emission limits in waterfront cities,"ec.europa.eu/info/funding-tenders/opportunities/portal/screen/opportunities/topic-details/HORIZON-CL5-2026-01-D5-17?isExactMatch=true&status=31094501,31094502,31094503&order=DESC&pageNumber=4&pageSize=50&sortBy=startDate",2026-01-20
Icing in the context of sustainable aviation,"ec.europa.eu/info/funding-tenders/opportunities/portal/screen/opportunities/topic-details/HORIZON-CL5-2026-01-D6-15?isExactMatch=true&status=31094501,31094502,31094503&order=DESC&pageNumber=3&pageSize=50&sortBy=startDate",2026-01-20
Reliable data and practices to measure and calculate transport emissions in multimodal transport chains,"ec.europa.eu/info/funding-tenders/opportunities/portal/screen/opportunities/topic-details/HORIZON-CL5-2026-01-D6-09?isExactMatch=true&status=31094501,31094502,31094503&order=DESC&pageNumber=3&pageSize=50&sortBy=startDate",2026-01-20
Lighthouse Codes for HPC Applications,"ec.europa.eu/info/funding-tenders/opportunities/portal/screen/opportunities/topic-details/HORIZON-JU-EUROHPC-2026-COE-LH-01-03?isExactMatch=true&status=31094501,31094502,31094503&order=DESC&pageNumber=9&pageSize=50&sortBy=startDate",2026-01-20
Transversal Centres of Excellence,"ec.europa.eu/info/funding-tenders/opportunities/portal/screen/opportunities/topic-details/HORIZON-JU-EUROHPC-2026-COE-LH-01-02?isExactMatch=true&status=31094501,31094502,31094503&order=DESC&pageNumber=9&pageSize=50&sortBy=startDate",2026-01-20
Teaming for Excellence,"ec.europa.eu/info/funding-tenders/opportunities/portal/screen/opportunities/topic-details/HORIZON-WIDERA-2025-ACCESS-01-01-two-stage?isExactMatch=true&status=31094501,31094502,31094503&order=DESC&pageNumber=26&pageSize=50&sortBy=startDate",2026-01-20
CALL FOR PROPOSALS – Small Grants for Grassroots Coding Projects in Malta as part of EU Code Week,"ec.europa.eu/info/funding-tenders/opportunities/portal/screen/opportunities/competitive-calls-cs/12301?isExactMatch=true&status=31094501,31094502,31094503&order=DESC&pageNumber=1&pageSize=50&sortBy=startDate",2026-01-20
Vulcanus in Japan 2026-2027 - A training programme for students in engineering and other scientific fields,"ec.europa.eu/info/funding-tenders/opportunities/portal/screen/opportunities/competitive-calls-cs/12181?isExactMatch=true&status=31094501,31094502,31094503&order=DESC&pageNumber=2&pageSize=50&sortBy=startDate",2026-01-20
EU-wide data-driven solutions to real problems,"ec.europa.eu/info/funding-tenders/opportunities/portal/screen/opportunities/competitive-calls-cs/12282?isExactMatch=true&status=31094501,31094502,31094503&order=DESC&pageNumber=1&pageSize=50&sortBy=startDate",2026-01-21
FORTIS Open Call #1: Boosting Development of the FORTIS Solution. ,"ec.europa.eu/info/funding-tenders/opportunities/portal/screen/opportunities/competitive-calls-cs/12402?isExactMatch=true&status=31094501,31094502,31094503&order=DESC&pageNumber=1&pageSize=50&sortBy=startDate",2026-01-21
"Understanding and Preventing Overweight and Obesity: Mechanisms of their onset and progression, neglected determinants and novel strategies for critical transitional periods in life - PREVENT-OO","ec.europa.eu/info/funding-tenders/opportunities/portal/screen/opportunities/competitive-calls-cs/12163?isExactMatch=true&status=31094501,31094502,31094503&order=DESC&pageNumber=1&pageSize=50&sortBy=startDate",2026-01-21
CALL FOR PROPOSALS – Small Grants for Grassroots Coding Projects in Italy as part of EU Code Week,"ec.europa.eu/info/funding-tenders/opportunities/portal/screen/opportunities/competitive-calls-cs/12407?isExactMatch=true&status=31094501,31094502,31094503&order=DESC&pageNumber=1&pageSize=50&sortBy=startDate",2026-01-21
Large scale not-for-profit European sport event,"ec.europa.eu/info/funding-tenders/opportunities/portal/screen/opportunities/topic-details/ERASMUS-SPORT-2026-LSSNCESE?isExactMatch=true&status=31094501,31094502,31094503&order=DESC&pageNumber=1&pageSize=50&sortBy=startDate",2026-01-22
Strengthening Capacities and introducing EU practices for sustainable operation and management of the BIO4 Campus,"ec.europa.eu/info/funding-tenders/opportunities/portal/screen/opportunities/prospect-details/185518PROSPECTSEN?isExactMatch=true&status=31094501,31094502,31094503&order=DESC&pageNumber=1&pageSize=50&sortBy=startDate",2026-01-23
Call for MRV providers to test solutions under the LILAS4SOILS Project,"ec.europa.eu/info/funding-tenders/opportunities/portal/screen/opportunities/competitive-calls-cs/12422?isExactMatch=true&status=31094501,31094502,31094503&order=DESC&pageNumber=1&pageSize=50&sortBy=startDate",2026-01-24
ΠΡΟΣΚΛΗΣΗ ΥΠΟΒΟΛΗΣ ΠΡΟΤΑΣΕΩΝ Μικρές Επιχορηγήσεις Προτάσεων για Δράσεις  Προγραμματισμού και Υπολογιστής Σκέψης (Small Grants for Proposal on Coding Activities),"ec.europa.eu/info/funding-tenders/opportunities/portal/screen/opportunities/competitive-calls-cs/12343?isExactMatch=true&status=31094501,31094502,31094503&order=DESC&pageNumber=1&pageSize=50&sortBy=startDate",2026-01-26
Standalone projects,"ec.europa.eu/info/funding-tenders/opportunities/portal/screen/opportunities/topic-details/JTM-2026-PSLF-STANDALONE-PROJECTS?isExactMatch=true&status=31094501,31094502,31094503&order=DESC&pageNumber=2&pageSize=50&sortBy=startDate",2026-01-27
Framework Loans,"ec.europa.eu/info/funding-tenders/opportunities/portal/screen/opportunities/topic-details/JTM-2026-PSLF-FRAMEWORK-LOANS?isExactMatch=true&status=31094501,31094502,31094503&order=DESC&pageNumber=2&pageSize=50&sortBy=startDate",2026-01-27
"Multi-country Investigator-Initiated Clinical Trials in Cardiovascular, Autoimmune and Metabolic diseases (Trials4Health) JTC2026","ec.europa.eu/info/funding-tenders/opportunities/portal/screen/opportunities/competitive-calls-cs/12223?isExactMatch=true&status=31094501,31094502,31094503&order=DESC&pageNumber=1&pageSize=50&sortBy=startDate",2026-01-27
Open Horizons Open Call #2,"ec.europa.eu/info/funding-tenders/opportunities/portal/screen/opportunities/competitive-calls-cs/12084?isExactMatch=true&status=31094501,31094502,31094503&order=DESC&pageNumber=1&pageSize=50&sortBy=startDate",2026-01-29
Supporting the role of civil society organisations as actors in sustainable development in Yemen,"ec.europa.eu/info/funding-tenders/opportunities/portal/screen/opportunities/prospect-details/185125PROSPECTSEN?isExactMatch=true&status=31094501,31094502,31094503&order=DESC&pageNumber=1&pageSize=50&sortBy=startDate",2026-01-29
EU4CSOs In Ukraine - Call for Proposals 2025,"ec.europa.eu/info/funding-tenders/opportunities/portal/screen/opportunities/prospect-details/184490PROSPECTSEN?isExactMatch=true&status=31094501,31094502,31094503&order=DESC&pageNumber=1&pageSize=50&sortBy=startDate",2026-01-29
Circulation of European literary works,"ec.europa.eu/info/funding-tenders/opportunities/portal/screen/opportunities/topic-details/CREA-CULT-2026-LIT?isExactMatch=true&status=31094501,31094502,31094503&order=DESC&pageNumber=3&pageSize=50&sortBy=startDate",2026-01-29
Granty na Kodowanie,"ec.europa.eu/info/funding-tenders/opportunities/portal/screen/opportunities/competitive-calls-cs/12344?isExactMatch=true&status=31094501,31094502,31094503&order=DESC&pageNumber=1&pageSize=50&sortBy=startDate",2026-01-30
EU-UK Think-Tanks engagement,"ec.europa.eu/info/funding-tenders/opportunities/portal/screen/opportunities/prospect-details/185232PROSPECTSEN?isExactMatch=true&status=31094501,31094502,31094503&order=DESC&pageNumber=2&pageSize=50&sortBy=startDate",2026-01-30
Call for proposals for large grants 2/SPLOT/GD/2025,"ec.europa.eu/info/funding-tenders/opportunities/portal/screen/opportunities/competitive-calls-cs/12441?isExactMatch=true&status=31094501,31094502,31094503&order=DESC&pageNumber=1&pageSize=50&sortBy=startDate",2026-01-30
"Open Call for Financial Support to Third Parties as a mechanism to showcase the feasibility, replicability and scalability of innovation solutions through Public Authorities in the Mediterranean","ec.europa.eu/info/funding-tenders/opportunities/portal/screen/opportunities/competitive-calls-cs/12048?isExactMatch=true&status=31094501,31094502,31094503&order=DESC&pageNumber=2&pageSize=50&sortBy=startDate",2026-01-30
Treatments and Adherence to Treatment protocols,"ec.europa.eu/info/funding-tenders/opportunities/portal/screen/opportunities/competitive-calls-cs/12085?isExactMatch=true&status=31094501,31094502,31094503&order=DESC&pageNumber=1&pageSize=50&sortBy=startDate",2026-02-02
"Enhancing Civil Society Engagement for Transparent, Accountable, and Inclusive Local Governance and Economic Sustainability","ec.europa.eu/info/funding-tenders/opportunities/portal/screen/opportunities/prospect-details/185270PROSPECTSEN?isExactMatch=true&status=31094501,31094502,31094503&order=DESC&pageNumber=2&pageSize=50&sortBy=startDate",2026-02-03
NEWS - JOURNALISM PARTNERSHIPS - COLLABORATIONS,"ec.europa.eu/info/funding-tenders/opportunities/portal/screen/opportunities/topic-details/CREA-CROSS-2026-JOURPART-COLLABORATIONS?isExactMatch=true&status=31094501,31094502,31094503&order=DESC&pageNumber=2&pageSize=50&sortBy=startDate",2026-02-04
InnoMatch project - Open call 1 EIC Awardee + Buyer (wave 2),"ec.europa.eu/info/funding-tenders/opportunities/portal/screen/opportunities/competitive-calls-cs/12246?isExactMatch=true&status=31094501,31094502,31094503&order=DESC&pageNumber=2&pageSize=50&sortBy=startDate",2026-02-04
ENVELOPE 2nd Open Call,"ec.europa.eu/info/funding-tenders/opportunities/portal/screen/opportunities/competitive-calls-cs/12221?isExactMatch=true&status=31094501,31094502,31094503&order=DESC&pageNumber=1&pageSize=50&sortBy=startDate",2026-02-04
NEWS - JOURNALISM PARTNERSHIPS - PLURALISM,"ec.europa.eu/info/funding-tenders/opportunities/portal/screen/opportunities/topic-details/CREA-CROSS-2026-JOURPART-PLURALISM?isExactMatch=true&status=31094501,31094502,31094503&order=DESC&pageNumber=2&pageSize=50&sortBy=startDate",2026-02-04
Europe-Africa Research and Innovation call on Sustainable Energy - 2026,"ec.europa.eu/info/funding-tenders/opportunities/portal/screen/opportunities/competitive-calls-cs/12421?isExactMatch=true&status=31094501,31094502,31094503&order=DESC&pageNumber=1&pageSize=50&sortBy=startDate",2026-02-05
TIDAL ArtS Residency Call,"ec.europa.eu/info/funding-tenders/opportunities/portal/screen/opportunities/competitive-calls-cs/12046?isExactMatch=true&status=31094501,31094502,31094503&order=DESC&pageNumber=3&pageSize=50&sortBy=startDate",2026-02-08
Support to implementation of Universal Health Insurance Reform in Armenia,"ec.europa.eu/info/funding-tenders/opportunities/portal/screen/opportunities/prospect-details/185494PROSPECTSEN?isExactMatch=true&status=31094501,31094502,31094503&order=DESC&pageNumber=1&pageSize=50&sortBy=startDate",2026-02-10
SUPPORT TO THE EUROPEAN FRMCS DEPLOYMENT GROUP,"ec.europa.eu/info/funding-tenders/opportunities/portal/screen/opportunities/topic-details/HORIZON-JU-ER-2025-EXPLR-04?isExactMatch=true&status=31094501,31094502,31094503&order=DESC&pageNumber=2&pageSize=50&sortBy=startDate",2026-02-11
EXTENDING THE RAIL NETWORK OF PHDS,"ec.europa.eu/info/funding-tenders/opportunities/portal/screen/opportunities/topic-details/HORIZON-JU-ER-2025-EXPLR-03?isExactMatch=true&status=31094501,31094502,31094503&order=DESC&pageNumber=2&pageSize=50&sortBy=startDate",2026-02-11
STUDIES ON INNOVATION IN CLIMATE FINANCE FOR RAIL,"ec.europa.eu/info/funding-tenders/opportunities/portal/screen/opportunities/topic-details/HORIZON-JU-ER-2025-EXPLR-02?isExactMatch=true&status=31094501,31094502,31094503&order=DESC&pageNumber=2&pageSize=50&sortBy=startDate",2026-02-11
A SUSTAINABLE AND GREEN RAIL SYSTEM,"ec.europa.eu/info/funding-tenders/opportunities/portal/screen/opportunities/topic-details/HORIZON-JU-ER-2025-FA4-01?isExactMatch=true&status=31094501,31094502,31094503&order=DESC&pageNumber=2&pageSize=50&sortBy=startDate",2026-02-11
STUDIES ON RAIL INDUSTRY 5.0,"ec.europa.eu/info/funding-tenders/opportunities/portal/screen/opportunities/topic-details/HORIZON-JU-ER-2025-EXPLR-01?isExactMatch=true&status=31094501,31094502,31094503&order=DESC&pageNumber=2&pageSize=50&sortBy=startDate",2026-02-11
REGIONAL RAIL SERVICES / INNOVATIVE RAIL SERVICES TO REVITALISE CAPILLARY LINES,"ec.europa.eu/info/funding-tenders/opportunities/portal/screen/opportunities/topic-details/HORIZON-JU-ER-2025-FA6-01?isExactMatch=true&status=31094501,31094502,31094503&order=DESC&pageNumber=2&pageSize=50&sortBy=startDate",2026-02-11
NETWORK MANAGEMENT PLANNING AND CONTROL & MOBILITY MANAGEMENT IN A MULTIMODAL ENVIRONMENT AND DIGITAL ENABLERS,"ec.europa.eu/info/funding-tenders/opportunities/portal/screen/opportunities/topic-details/HORIZON-JU-ER-2025-FA1-TT-01?isExactMatch=true&status=31094501,31094502,31094503&order=DESC&pageNumber=2&pageSize=50&sortBy=startDate",2026-02-11
INTELLIGENT & INTEGRATED ASSET MANAGEMENT,"ec.europa.eu/info/funding-tenders/opportunities/portal/screen/opportunities/topic-details/HORIZON-JU-ER-2025-FA3-01?isExactMatch=true&status=31094501,31094502,31094503&order=DESC&pageNumber=2&pageSize=50&sortBy=startDate",2026-02-11
SUSTAINABLE COMPETITIVE DIGITAL GREEN RAIL FREIGHT SERVICES,"ec.europa.eu/info/funding-tenders/opportunities/portal/screen/opportunities/topic-details/HORIZON-JU-ER-2025-FA5-01?isExactMatch=true&status=31094501,31094502,31094503&order=DESC&pageNumber=2&pageSize=50&sortBy=startDate",2026-02-11
Video games and immersive content development,"ec.europa.eu/info/funding-tenders/opportunities/portal/screen/opportunities/topic-details/CREA-MEDIA-2026-DEVVGIM?isExactMatch=true&status=31094501,31094502,31094503&order=DESC&pageNumber=3&pageSize=50&sortBy=startDate",2026-02-11
DIGITAL & AUTOMATIC UP TO AUTOMATED TRAIN OPERATIONS,"ec.europa.eu/info/funding-tenders/opportunities/portal/screen/opportunities/topic-details/HORIZON-JU-ER-2025-FA2-01?isExactMatch=true&status=31094501,31094502,31094503&order=DESC&pageNumber=2&pageSize=50&sortBy=startDate",2026-02-11
Erasmus Mundus Design Measures,"ec.europa.eu/info/funding-tenders/opportunities/portal/screen/opportunities/topic-details/ERASMUS-EDU-2026-EMJM-DESIGN?isExactMatch=true&status=31094501,31094502,31094503&order=DESC&pageNumber=1&pageSize=50&sortBy=startDate",2026-02-12
Urban Mobility Explained (UMX) Open Call (Multi-cut-off),"ec.europa.eu/info/funding-tenders/opportunities/portal/screen/opportunities/competitive-calls-cs/11264?isExactMatch=true&status=31094501,31094502,31094503&order=DESC&pageNumber=6&pageSize=50&sortBy=startDate",2026-02-12
Strategic Innovation Open call,"ec.europa.eu/info/funding-tenders/opportunities/portal/screen/opportunities/competitive-calls-cs/11164?isExactMatch=true&status=31094501,31094502,31094503&order=DESC&pageNumber=7&pageSize=50&sortBy=startDate",2026-02-12
Erasmus Mundus Joint Masters,"ec.europa.eu/info/funding-tenders/opportunities/portal/screen/opportunities/topic-details/ERASMUS-EDU-2026-PEX-EMJM-MOB?isExactMatch=true&status=31094501,31094502,31094503&order=DESC&pageNumber=1&pageSize=50&sortBy=startDate",2026-02-12
UPC-GREENCHIPS-EDU Scholarship,"ec.europa.eu/info/funding-tenders/opportunities/portal/screen/opportunities/competitive-calls-cs/11265?isExactMatch=true&status=31094501,31094502,31094503&order=DESC&pageNumber=6&pageSize=50&sortBy=startDate",2026-02-15
"Optimal combination of low embodied carbon construction products, technical building systems and circularity principles for climate neutral buildings (Built4People Partnership)","ec.europa.eu/info/funding-tenders/opportunities/portal/screen/opportunities/topic-details/HORIZON-CL5-2026-02-D4-05?isExactMatch=true&status=31094501,31094502,31094503&order=DESC&pageNumber=4&pageSize=50&sortBy=startDate",2026-02-17
Improved reliability and optimised operations and maintenance for wind energy systems,"ec.europa.eu/info/funding-tenders/opportunities/portal/screen/opportunities/topic-details/HORIZON-CL5-2026-02-D3-07?isExactMatch=true&status=31094501,31094502,31094503&order=DESC&pageNumber=4&pageSize=50&sortBy=startDate",2026-02-17
Innovative approaches for the deployment of Positive Energy Districts,"ec.europa.eu/info/funding-tenders/opportunities/portal/screen/opportunities/topic-details/HORIZON-CL5-2026-02-D4-04?isExactMatch=true&status=31094501,31094502,31094503&order=DESC&pageNumber=4&pageSize=50&sortBy=startDate",2026-02-17
Smarter buildings as part of the energy system for increased efficiency and flexibility – Societal Readiness Pilot,"ec.europa.eu/info/funding-tenders/opportunities/portal/screen/opportunities/topic-details/HORIZON-CL5-2026-02-D4-02?isExactMatch=true&status=31094501,31094502,31094503&order=DESC&pageNumber=4&pageSize=50&sortBy=startDate",2026-02-17
Extending the lifetime of crystalline silicon PV modules (EUPI-PV Partnership),"ec.europa.eu/info/funding-tenders/opportunities/portal/screen/opportunities/topic-details/HORIZON-CL5-2026-02-D3-12?isExactMatch=true&status=31094501,31094502,31094503&order=DESC&pageNumber=4&pageSize=50&sortBy=startDate",2026-02-17
Towards commercialisation of Perovskite PV and development of dedicated manufacturing equipment (EUPI-PV Partnership),"ec.europa.eu/info/funding-tenders/opportunities/portal/screen/opportunities/topic-details/HORIZON-CL5-2026-02-D3-10?isExactMatch=true&status=31094501,31094502,31094503&order=DESC&pageNumber=4&pageSize=50&sortBy=startDate",2026-02-17
Phase out fossil fuel in energy intensive industries through the efficient integration of renewable energy sources,"ec.europa.eu/info/funding-tenders/opportunities/portal/screen/opportunities/topic-details/HORIZON-CL5-2026-02-D4-06?isExactMatch=true&status=31094501,31094502,31094503&order=DESC&pageNumber=4&pageSize=50&sortBy=startDate",2026-02-17
Development of innovative solutions strengthening the security of renewable energy value chains,"ec.europa.eu/info/funding-tenders/opportunities/portal/screen/opportunities/topic-details/HORIZON-CL5-2026-02-D3-14?isExactMatch=true&status=31094501,31094502,31094503&order=DESC&pageNumber=4&pageSize=50&sortBy=startDate",2026-02-17
Underground Thermal Energy Storage in dense urban areas,"ec.europa.eu/info/funding-tenders/opportunities/portal/screen/opportunities/topic-details/HORIZON-CL5-2026-02-D3-22?isExactMatch=true&status=31094501,31094502,31094503&order=DESC&pageNumber=4&pageSize=50&sortBy=startDate",2026-02-17
New CO2 capture technologies,"ec.europa.eu/info/funding-tenders/opportunities/portal/screen/opportunities/topic-details/HORIZON-CL5-2026-02-D3-24?isExactMatch=true&status=31094501,31094502,31094503&order=DESC&pageNumber=4&pageSize=50&sortBy=startDate",2026-02-17
On-site innovative robotic and automated solutions and techniques for more sustainable and less disruptive building renovation and construction,"ec.europa.eu/info/funding-tenders/opportunities/portal/screen/opportunities/topic-details/HORIZON-CL5-2026-02-D4-01?isExactMatch=true&status=31094501,31094502,31094503&order=DESC&pageNumber=4&pageSize=50&sortBy=startDate",2026-02-17
"Competitiveness, energy security and integration aspects of advanced biofuels and renewable fuels of non-biological origin value chains","ec.europa.eu/info/funding-tenders/opportunities/portal/screen/opportunities/topic-details/HORIZON-CL5-2026-02-D3-02?isExactMatch=true&status=31094501,31094502,31094503&order=DESC&pageNumber=4&pageSize=50&sortBy=startDate",2026-02-17
De-risking wave energy technology development through transnational pre-commercial procurement of wave energy research and development,"ec.europa.eu/info/funding-tenders/opportunities/portal/screen/opportunities/topic-details/HORIZON-CL5-2026-02-D3-13?isExactMatch=true&status=31094501,31094502,31094503&order=DESC&pageNumber=4&pageSize=50&sortBy=startDate",2026-02-17
Innovative tools and services to manage and empower energy communities,"ec.europa.eu/info/funding-tenders/opportunities/portal/screen/opportunities/topic-details/HORIZON-CL5-2026-02-D3-20?isExactMatch=true&status=31094501,31094502,31094503&order=DESC&pageNumber=4&pageSize=50&sortBy=startDate",2026-02-17
Innovative solutions for a generative AI-powered digital spine of the EU energy system,"ec.europa.eu/info/funding-tenders/opportunities/portal/screen/opportunities/topic-details/HORIZON-CL5-2026-02-D3-19?isExactMatch=true&status=31094501,31094502,31094503&order=DESC&pageNumber=4&pageSize=50&sortBy=startDate",2026-02-17
Demonstration of thermal energy storage solutions for solar thermal plants and systems,"ec.europa.eu/info/funding-tenders/opportunities/portal/screen/opportunities/topic-details/HORIZON-CL5-2026-02-D3-05?isExactMatch=true&status=31094501,31094502,31094503&order=DESC&pageNumber=4&pageSize=50&sortBy=startDate",2026-02-17
Understand and minimise the environmental impacts of offshore wind energy,"ec.europa.eu/info/funding-tenders/opportunities/portal/screen/opportunities/topic-details/HORIZON-CL5-2026-02-D3-08?isExactMatch=true&status=31094501,31094502,31094503&order=DESC&pageNumber=4&pageSize=50&sortBy=startDate",2026-02-17
Next generation distribution substation for increasing the system resilience,"ec.europa.eu/info/funding-tenders/opportunities/portal/screen/opportunities/topic-details/HORIZON-CL5-2026-02-D3-18?isExactMatch=true&status=31094501,31094502,31094503&order=DESC&pageNumber=4&pageSize=50&sortBy=startDate",2026-02-17
Innovative pathways for low carbon and climate resilient building stock and built environment (Built4People Partnership),"ec.europa.eu/info/funding-tenders/opportunities/portal/screen/opportunities/topic-details/HORIZON-CL5-2026-02-D4-03?isExactMatch=true&status=31094501,31094502,31094503&order=DESC&pageNumber=4&pageSize=50&sortBy=startDate",2026-02-17
Large-scale production of liquid advanced biofuels and renewable fuels of non-biological origin,"ec.europa.eu/info/funding-tenders/opportunities/portal/screen/opportunities/topic-details/HORIZON-CL5-2026-02-D3-01?isExactMatch=true&status=31094501,31094502,31094503&order=DESC&pageNumber=4&pageSize=50&sortBy=startDate",2026-02-17
Open Topic: Innovative solutions for the sustainable and circular transformation of SMEs,"ec.europa.eu/info/funding-tenders/opportunities/portal/screen/opportunities/topic-details/HORIZON-CL6-2025-01-CIRCBIO-01-two-stage?isExactMatch=true&status=31094501,31094502,31094503&order=DESC&pageNumber=15&pageSize=50&sortBy=startDate",2026-02-18
Breeding for resilience: enhancing multi-stress tolerance in crops,"ec.europa.eu/info/funding-tenders/opportunities/portal/screen/opportunities/topic-details/HORIZON-CL6-2025-01-BIODIV-02-two-stage?isExactMatch=true&status=31094501,31094502,31094503&order=DESC&pageNumber=15&pageSize=50&sortBy=startDate",2026-02-18
"Living labs to enhance soil health in Continental, Boreal and Alpine biogeographical regions","ec.europa.eu/info/funding-tenders/opportunities/portal/screen/opportunities/topic-details/HORIZON-MISS-2025-05-SOIL-01-two-stage?isExactMatch=true&status=31094501,31094502,31094503&order=DESC&pageNumber=15&pageSize=50&sortBy=startDate",2026-02-18
Broadening the living labs approach for soil health in Africa and Latin America and the Caribbean (LAC),"ec.europa.eu/info/funding-tenders/opportunities/portal/screen/opportunities/topic-details/HORIZON-MISS-2025-05-SOIL-02-two-stage?isExactMatch=true&status=31094501,31094502,31094503&order=DESC&pageNumber=14&pageSize=50&sortBy=startDate",2026-02-18
Living labs co-creating innovative solutions for forests and freshwater ecosystems restoration,"ec.europa.eu/info/funding-tenders/opportunities/portal/screen/opportunities/topic-details/HORIZON-CL6-2025-01-BIODIV-01-two-stage?isExactMatch=true&status=31094501,31094502,31094503&order=DESC&pageNumber=15&pageSize=50&sortBy=startDate",2026-02-18
"Open topic: Innovating for on-farm post-harvest operations, storage and transformation of crops into food and non-food products","ec.europa.eu/info/funding-tenders/opportunities/portal/screen/opportunities/topic-details/HORIZON-CL6-2025-02-FARM2FORK-02-two-stage?isExactMatch=true&status=31094501,31094502,31094503&order=DESC&pageNumber=14&pageSize=50&sortBy=startDate",2026-02-18
EOSC Gravity Inter-Project Grants Open Call 1,"ec.europa.eu/info/funding-tenders/opportunities/portal/screen/opportunities/competitive-calls-cs/12102?isExactMatch=true&status=31094501,31094502,31094503&order=DESC&pageNumber=2&pageSize=50&sortBy=startDate",2026-02-18
EOSC Gravity Preparatory Grants Open Call,"ec.europa.eu/info/funding-tenders/opportunities/portal/screen/opportunities/competitive-calls-cs/12103?isExactMatch=true&status=31094501,31094502,31094503&order=DESC&pageNumber=2&pageSize=50&sortBy=startDate",2026-02-18
Emerging and future risks to plant health,"ec.europa.eu/info/funding-tenders/opportunities/portal/screen/opportunities/topic-details/HORIZON-CL6-2025-02-FARM2FORK-01-two-stage?isExactMatch=true&status=31094501,31094502,31094503&order=DESC&pageNumber=14&pageSize=50&sortBy=startDate",2026-02-18
Making food systems more resilient to food safety risks through the deployment of technological solutions,"ec.europa.eu/info/funding-tenders/opportunities/portal/screen/opportunities/topic-details/HORIZON-CL6-2025-02-FARM2FORK-03-two-stage?isExactMatch=true&status=31094501,31094502,31094503&order=DESC&pageNumber=14&pageSize=50&sortBy=startDate",2026-02-18
Developing agroecology living labs and lighthouses for climate action under the Food and Nutrition Security and Sustainable Agriculture (FNSSA) partnership,"ec.europa.eu/info/funding-tenders/opportunities/portal/screen/opportunities/topic-details/HORIZON-CL6-2025-02-FARM2FORK-05-two-stage?isExactMatch=true&status=31094501,31094502,31094503&order=DESC&pageNumber=14&pageSize=50&sortBy=startDate",2026-02-18
"Research and innovation for food waste prevention and reduction at household level through measurement, monitoring and new technologies","ec.europa.eu/info/funding-tenders/opportunities/portal/screen/opportunities/topic-details/HORIZON-CL6-2025-02-FARM2FORK-04-two-stage?isExactMatch=true&status=31094501,31094502,31094503&order=DESC&pageNumber=14&pageSize=50&sortBy=startDate",2026-02-18
Strengthening the resilience of water systems and water sector to climate and global socio-economic change impacts,"ec.europa.eu/info/funding-tenders/opportunities/portal/screen/opportunities/topic-details/HORIZON-CL6-2025-02-CLIMATE-01-two-stage?isExactMatch=true&status=31094501,31094502,31094503&order=DESC&pageNumber=14&pageSize=50&sortBy=startDate",2026-02-18
Substances of concern and emerging pollutants from bio-based industries and products: mapping and replacement,"ec.europa.eu/info/funding-tenders/opportunities/portal/screen/opportunities/topic-details/HORIZON-CL6-2025-01-ZEROPOLLUTION-01-two-stage?isExactMatch=true&status=31094501,31094502,31094503&order=DESC&pageNumber=15&pageSize=50&sortBy=startDate",2026-02-18
Innovative space-based applications enhancing capabilities for a resilient Europe,"ec.europa.eu/info/funding-tenders/opportunities/portal/screen/opportunities/topic-details/HORIZON-EUSPA-2026-SPACE-02-52?isExactMatch=true&status=31094501,31094502,31094503&order=DESC&pageNumber=2&pageSize=50&sortBy=startDate",2026-02-24
Space Data Economy,"ec.europa.eu/info/funding-tenders/opportunities/portal/screen/opportunities/topic-details/HORIZON-EUSPA-2026-SPACE-02-51?isExactMatch=true&status=31094501,31094502,31094503&order=DESC&pageNumber=2&pageSize=50&sortBy=startDate",2026-02-24
European co-development,"ec.europa.eu/info/funding-tenders/opportunities/portal/screen/opportunities/topic-details/CREA-MEDIA-2026-CODEV?isExactMatch=true&status=31094501,31094502,31094503&order=DESC&pageNumber=3&pageSize=50&sortBy=startDate",2026-02-25
Second call for innovation studies for the development of generative AI models,"ec.europa.eu/info/funding-tenders/opportunities/portal/screen/opportunities/competitive-calls-cs/11502?isExactMatch=true&status=31094501,31094502,31094503&order=DESC&pageNumber=1&pageSize=50&sortBy=startDate",2026-02-25
Selection of hosting sites and fellows for EFSA's European Food Risk Assessment Fellowship (EU-FORA) Programme.,"ec.europa.eu/info/funding-tenders/opportunities/portal/screen/opportunities/topic-details/EUBA-EFSA-2026-ENREL-01?isExactMatch=true&status=31094501,31094502,31094503&order=DESC&pageNumber=2&pageSize=50&sortBy=startDate",2026-02-26
TALTECH MERIT Project Excellence Scholarship Award,"ec.europa.eu/info/funding-tenders/opportunities/portal/screen/opportunities/competitive-calls-cs/10821?isExactMatch=true&status=31094501,31094502,31094503&order=DESC&pageNumber=5&pageSize=50&sortBy=startDate",2026-02-28
TALTECH MERIT Project Mobility Grant,"ec.europa.eu/info/funding-tenders/opportunities/portal/screen/opportunities/competitive-calls-cs/10822?isExactMatch=true&status=31094501,31094502,31094503&order=DESC&pageNumber=5&pageSize=50&sortBy=startDate",2026-02-28
Experience sharing grants,"ec.europa.eu/info/funding-tenders/opportunities/portal/screen/opportunities/competitive-calls-cs/11781?isExactMatch=true&status=31094501,31094502,31094503&order=DESC&pageNumber=4&pageSize=50&sortBy=startDate",2026-03-02
Deployment of cutting-edge multi-modal AI-based solutions in medical imaging,"ec.europa.eu/info/funding-tenders/opportunities/portal/screen/opportunities/topic-details/DIGITAL-2026-AI-09-SOLUTIONS-CANCER-STEP?isExactMatch=true&status=31094501,31094502,31094503&order=DESC&pageNumber=1&pageSize=50&sortBy=startDate",2026-03-03
SOFT Innovation Prize 2026,"ec.europa.eu/info/funding-tenders/opportunities/portal/screen/opportunities/topic-details/EURATOM-2026-SOFT-PRIZE?isExactMatch=true&status=31094501,31094502,31094503&order=DESC&pageNumber=9&pageSize=50&sortBy=startDate",2026-03-03
European Digital Media Observatory Hubs,"ec.europa.eu/info/funding-tenders/opportunities/portal/screen/opportunities/topic-details/DIGITAL-2026-BESTUSE-TECH-EDMO-09-HUBS?isExactMatch=true&status=31094501,31094502,31094503&order=DESC&pageNumber=1&pageSize=50&sortBy=startDate",2026-03-03
European Advanced Digital Skills Competitions,"ec.europa.eu/info/funding-tenders/opportunities/portal/screen/opportunities/topic-details/DIGITAL-2026-SKILLS-09-COMPETITIONS?isExactMatch=true&status=31094501,31094502,31094503&order=DESC&pageNumber=1&pageSize=50&sortBy=startDate",2026-03-03
ELEVATE: European League of Advanced Digital Skills Academies,"ec.europa.eu/info/funding-tenders/opportunities/portal/screen/opportunities/topic-details/DIGITAL-2026-SKILLS-09-LEAGUE-OF-ACADEMIES?isExactMatch=true&status=31094501,31094502,31094503&order=DESC&pageNumber=1&pageSize=50&sortBy=startDate",2026-03-03
Apply AI: GenAI for the public administrations,"ec.europa.eu/info/funding-tenders/opportunities/portal/screen/opportunities/topic-details/DIGITAL-2026-AI-09-GENAI-PA?isExactMatch=true&status=31094501,31094502,31094503&order=DESC&pageNumber=2&pageSize=50&sortBy=startDate",2026-03-03
Supporting the Network of National Contact Points  (NCPs) of the Digital Europe Programme,"ec.europa.eu/info/funding-tenders/opportunities/portal/screen/opportunities/topic-details/DIGITAL-2026-SUPPORT-09-NCP-NETWORK?isExactMatch=true&status=31094501,31094502,31094503&order=DESC&pageNumber=1&pageSize=50&sortBy=startDate",2026-03-03
Deployment of cutting-edge multi-modal AI-based solutions in medical imaging,"ec.europa.eu/info/funding-tenders/opportunities/portal/screen/opportunities/topic-details/DIGITAL-2026-AI-09-SOLUTIONS-CANCER-STEP?isExactMatch=true&status=31094501,31094502,31094503&order=DESC&pageNumber=2&pageSize=50&sortBy=startDate",2026-03-03
Apply AI: GenAI for the public administrations,"ec.europa.eu/info/funding-tenders/opportunities/portal/screen/opportunities/topic-details/DIGITAL-2026-AI-09-GENAI-PA?isExactMatch=true&status=31094501,31094502,31094503&order=DESC&pageNumber=1&pageSize=50&sortBy=startDate",2026-03-03
Collaboration platform for the European connected and autonomous vehicle of the future,"ec.europa.eu/info/funding-tenders/opportunities/portal/screen/opportunities/topic-details/DIGITAL-2026-AI-09-AUTOMOTIVE?isExactMatch=true&status=31094501,31094502,31094503&order=DESC&pageNumber=2&pageSize=50&sortBy=startDate",2026-03-03
Consolidation of the Network of European Digital Innovation Hubs (EDIHs with reinforced AI focus),"ec.europa.eu/info/funding-tenders/opportunities/portal/screen/opportunities/topic-details/DIGITAL-2026-EDIH-EU-EEA-09-CONSOLIDATION-STEP?isExactMatch=true&status=31094501,31094502,31094503&order=DESC&pageNumber=1&pageSize=50&sortBy=startDate",2026-03-03
Supporting the Network of National Contact Points  (NCPs) of the Digital Europe Programme,"ec.europa.eu/info/funding-tenders/opportunities/portal/screen/opportunities/topic-details/DIGITAL-2026-SUPPORT-09-NCP-NETWORK?isExactMatch=true&status=31094501,31094502,31094503&order=DESC&pageNumber=2&pageSize=50&sortBy=startDate",2026-03-03
Virtual worlds test beds,"ec.europa.eu/info/funding-tenders/opportunities/portal/screen/opportunities/topic-details/DIGITAL-2026-AI-09-VIRTUAL-TESTBEDS-STEP?isExactMatch=true&status=31094501,31094502,31094503&order=DESC&pageNumber=1&pageSize=50&sortBy=startDate",2026-03-03
Virtual worlds test beds,"ec.europa.eu/info/funding-tenders/opportunities/portal/screen/opportunities/topic-details/DIGITAL-2026-AI-09-VIRTUAL-TESTBEDS-STEP?isExactMatch=true&status=31094501,31094502,31094503&order=DESC&pageNumber=2&pageSize=50&sortBy=startDate",2026-03-03
Data Space for Manufacturing,"ec.europa.eu/info/funding-tenders/opportunities/portal/screen/opportunities/topic-details/DIGITAL-2026-DSM-AI-09-DS-MANUFACTUR-STEP?isExactMatch=true&status=31094501,31094502,31094503&order=DESC&pageNumber=1&pageSize=50&sortBy=startDate",2026-03-03
European Universities,"ec.europa.eu/info/funding-tenders/opportunities/portal/screen/opportunities/topic-details/ERASMUS-EDU-2026-EUR-UNIV?isExactMatch=true&status=31094501,31094502,31094503&order=DESC&pageNumber=1&pageSize=50&sortBy=startDate",2026-03-04
Strategic Nature Projects,"ec.europa.eu/info/funding-tenders/opportunities/portal/screen/opportunities/topic-details/LIFE-2025-STRAT-NAT-SNAP-two-stage?isExactMatch=true&status=31094501,31094502,31094503&order=DESC&pageNumber=18&pageSize=50&sortBy=startDate",2026-03-05
Capacity Building in the Field of Sport,"ec.europa.eu/info/funding-tenders/opportunities/portal/screen/opportunities/topic-details/ERASMUS-SPORT-2026-CB?isExactMatch=true&status=31094501,31094502,31094503&order=DESC&pageNumber=1&pageSize=50&sortBy=startDate",2026-03-05
Strategic Integrated Projects - Environment,"ec.europa.eu/info/funding-tenders/opportunities/portal/screen/opportunities/topic-details/LIFE-2025-STRAT-ENV-SIP-two-stage?isExactMatch=true&status=31094501,31094502,31094503&order=DESC&pageNumber=18&pageSize=50&sortBy=startDate",2026-03-05
Small-scale Partnerships,"ec.europa.eu/info/funding-tenders/opportunities/portal/screen/opportunities/topic-details/ERASMUS-SPORT-2026-SSCP?isExactMatch=true&status=31094501,31094502,31094503&order=DESC&pageNumber=1&pageSize=50&sortBy=startDate",2026-03-05
Not-for-profit European sport events,"ec.europa.eu/info/funding-tenders/opportunities/portal/screen/opportunities/topic-details/ERASMUS-SPORT-2026-SNCESE?isExactMatch=true&status=31094501,31094502,31094503&order=DESC&pageNumber=1&pageSize=50&sortBy=startDate",2026-03-05
Cooperation Partnerships,"ec.europa.eu/info/funding-tenders/opportunities/portal/screen/opportunities/topic-details/ERASMUS-SPORT-2026-SCP?isExactMatch=true&status=31094501,31094502,31094503&order=DESC&pageNumber=1&pageSize=50&sortBy=startDate",2026-03-05
Strategic Integrated Projects - Climate Action,"ec.europa.eu/info/funding-tenders/opportunities/portal/screen/opportunities/topic-details/LIFE-2025-STRAT-CLIMA-SIP-two-stage?isExactMatch=true&status=31094501,31094502,31094503&order=DESC&pageNumber=18&pageSize=50&sortBy=startDate",2026-03-05
NEWS - Media Literacy,"ec.europa.eu/info/funding-tenders/opportunities/portal/screen/opportunities/topic-details/CREA-CROSS-2026-MEDIALITERACY?isExactMatch=true&status=31094501,31094502,31094503&order=DESC&pageNumber=2&pageSize=50&sortBy=startDate",2026-03-11
Cross-border renewable energy studies projects,"ec.europa.eu/info/funding-tenders/opportunities/portal/screen/opportunities/topic-details/CEF-E-2026-CBRENEW-STUDIES?isExactMatch=true&status=31094501,31094502,31094503&order=DESC&pageNumber=1&pageSize=50&sortBy=startDate",2026-03-12
CETPartnership Joint Call 2025,"ec.europa.eu/info/funding-tenders/opportunities/portal/screen/opportunities/competitive-calls-cs/10946?isExactMatch=true&status=31094501,31094502,31094503&order=DESC&pageNumber=8&pageSize=50&sortBy=startDate",2026-03-12
Cross-border renewable energy works projects,"ec.europa.eu/info/funding-tenders/opportunities/portal/screen/opportunities/topic-details/CEF-E-2026-CBRENEW-WORKS?isExactMatch=true&status=31094501,31094502,31094503&order=DESC&pageNumber=1&pageSize=50&sortBy=startDate",2026-03-12
Innovative approaches to intangible cultural heritage for societal resilience,"ec.europa.eu/info/funding-tenders/opportunities/portal/screen/opportunities/topic-details/HORIZON-CL2-2025-02-HERITAGE-02-two-stage?isExactMatch=true&status=31094501,31094502,31094503&order=DESC&pageNumber=12&pageSize=50&sortBy=startDate",2026-03-17
Gender differences in career trajectories of parents and their implications for gender equality and family well-being,"ec.europa.eu/info/funding-tenders/opportunities/portal/screen/opportunities/topic-details/HORIZON-CL2-2025-02-TRANSFO-04-two-stage?isExactMatch=true&status=31094501,31094502,31094503&order=DESC&pageNumber=12&pageSize=50&sortBy=startDate",2026-03-17
CAPACITY BUILDING CAP2B,"ec.europa.eu/info/funding-tenders/opportunities/portal/screen/opportunities/topic-details/I3-2026-CAP2B?isExactMatch=true&status=31094501,31094502,31094503&order=DESC&pageNumber=2&pageSize=50&sortBy=startDate",2026-03-19
Films on the Move,"ec.europa.eu/info/funding-tenders/opportunities/portal/screen/opportunities/topic-details/CREA-MEDIA-2026-FILMOVE?isExactMatch=true&status=31094501,31094502,31094503&order=DESC&pageNumber=3&pageSize=50&sortBy=startDate",2026-03-19
Erasmus Charter for Higher Education,"ec.europa.eu/info/funding-tenders/opportunities/portal/screen/opportunities/topic-details/ERASMUS-EDU-2022-ECHE-CERT-FP?isExactMatch=true&status=31094501,31094502,31094503&order=DESC&pageNumber=90&pageSize=50&sortBy=startDate",2026-03-24
"Cybersecure tools, technologies and services relying on AI","ec.europa.eu/info/funding-tenders/opportunities/portal/screen/opportunities/topic-details/DIGITAL-ECCC-2025-DEPLOY-CYBER-09-CYBERAI?isExactMatch=true&status=31094501,31094502,31094503&order=DESC&pageNumber=2&pageSize=50&sortBy=startDate",2026-03-31
Uptake of innovative cybersecurity solutions for SMEs,"ec.europa.eu/info/funding-tenders/opportunities/portal/screen/opportunities/topic-details/DIGITAL-ECCC-2025-DEPLOY-CYBER-09-UPTAKE?isExactMatch=true&status=31094501,31094502,31094503&order=DESC&pageNumber=2&pageSize=50&sortBy=startDate",2026-03-31
Regional Cable Hubs,"ec.europa.eu/info/funding-tenders/opportunities/portal/screen/opportunities/topic-details/DIGITAL-ECCC-2025-DEPLOY-CYBER-09-CABLEHUBS?isExactMatch=true&status=31094501,31094502,31094503&order=DESC&pageNumber=2&pageSize=50&sortBy=startDate",2026-03-31
Coordinated preparedness testing and other preparedness actions,"ec.europa.eu/info/funding-tenders/opportunities/portal/screen/opportunities/topic-details/DIGITAL-ECCC-2025-DEPLOY-CYBER-09-COORDPREP?isExactMatch=true&status=31094501,31094502,31094503&order=DESC&pageNumber=2&pageSize=50&sortBy=startDate",2026-03-31
 DigiQ Internships,"ec.europa.eu/info/funding-tenders/opportunities/portal/screen/opportunities/competitive-calls-cs/7623?isExactMatch=true&status=31094501,31094502,31094503&order=DESC&pageNumber=23&pageSize=50&sortBy=startDate",2026-03-31
 Funding to Attend DigiQ Networking Events,"ec.europa.eu/info/funding-tenders/opportunities/portal/screen/opportunities/competitive-calls-cs/7621?isExactMatch=true&status=31094501,31094502,31094503&order=DESC&pageNumber=23&pageSize=50&sortBy=startDate",2026-03-31
 DigiQ Exchange Program,"ec.europa.eu/info/funding-tenders/opportunities/portal/screen/opportunities/competitive-calls-cs/7622?isExactMatch=true&status=31094501,31094502,31094503&order=DESC&pageNumber=23&pageSize=50&sortBy=startDate",2026-03-31
Cost-effective next-generation batteries for long-duration stationary storage (Batt4EU Partnership),"ec.europa.eu/info/funding-tenders/opportunities/portal/screen/opportunities/topic-details/HORIZON-CL5-2025-01-Two-Stage-D2-02?isExactMatch=true&status=31094501,31094502,31094503&order=DESC&pageNumber=17&pageSize=50&sortBy=startDate",2026-03-31
Adaptation to Climate Change: Effectiveness and Limits,"ec.europa.eu/info/funding-tenders/opportunities/portal/screen/opportunities/topic-details/HORIZON-CL5-2025-05-Two-Stage-D1-05?isExactMatch=true&status=31094501,31094502,31094503&order=DESC&pageNumber=17&pageSize=50&sortBy=startDate",2026-03-31
Critical elements for energy security of grid and storage technologies,"ec.europa.eu/info/funding-tenders/opportunities/portal/screen/opportunities/topic-details/HORIZON-CL5-2025-01-Two-Stage-D3-23?isExactMatch=true&status=31094501,31094502,31094503&order=DESC&pageNumber=17&pageSize=50&sortBy=startDate",2026-03-31
European VOD networks and operators,"ec.europa.eu/info/funding-tenders/opportunities/portal/screen/opportunities/topic-details/CREA-MEDIA-2026-VODNET?isExactMatch=true&status=31094501,31094502,31094503&order=DESC&pageNumber=3&pageSize=50&sortBy=startDate",2026-04-08
Water4All 2025 Joint Transnational Call “Water and health”,"ec.europa.eu/info/funding-tenders/opportunities/portal/screen/opportunities/competitive-calls-cs/11683?isExactMatch=true&status=31094501,31094502,31094503&order=DESC&pageNumber=4&pageSize=50&sortBy=startDate",2026-04-13
Developing and embedding upcycling technologies into viable business (Processes4Planet partnership) (IA),"ec.europa.eu/info/funding-tenders/opportunities/portal/screen/opportunities/topic-details/HORIZON-CL4-2025-05-TWIN-TRANSITION-35-two-stage?isExactMatch=true&status=31094501,31094502,31094503&order=DESC&pageNumber=11&pageSize=50&sortBy=startDate",2026-04-14
"Innovative Advanced Materials (IAMs) for product monitoring, smart maintenance and repair strategies in the construction sector (RIA) (Innovative Advanced Materials for Europe partnership)","ec.europa.eu/info/funding-tenders/opportunities/portal/screen/opportunities/topic-details/HORIZON-CL4-2025-05-MATERIALS-42-two-stage?isExactMatch=true&status=31094501,31094502,31094503&order=DESC&pageNumber=11&pageSize=50&sortBy=startDate",2026-04-14
Next generation aircraft autonomy technologies for cockpit / pilot assistance applications,"ec.europa.eu/info/funding-tenders/opportunities/portal/screen/opportunities/topic-details/HORIZON-CL5-2025-03-Two-Stage-D5-09?isExactMatch=true&status=31094501,31094502,31094503&order=DESC&pageNumber=16&pageSize=50&sortBy=startDate",2026-04-14
Enhanced logistics and operations of construction sites (IA),"ec.europa.eu/info/funding-tenders/opportunities/portal/screen/opportunities/topic-details/HORIZON-CL4-2025-05-TWIN-TRANSITION-11-two-stage?isExactMatch=true&status=31094501,31094502,31094503&order=DESC&pageNumber=11&pageSize=50&sortBy=startDate",2026-04-14
"Restoration of ecosystem functioning, integrity and connectivity","ec.europa.eu/info/funding-tenders/opportunities/portal/screen/opportunities/competitive-calls-cs/11666?isExactMatch=true&status=31094501,31094502,31094503&order=DESC&pageNumber=5&pageSize=50&sortBy=startDate",2026-04-14
"Innovative Advanced Materials (IAMs) for robust, fast curing sealants and coatings for manufacturing and final assembly (IA) (Innovative Advanced Materials for Europe partnership)","ec.europa.eu/info/funding-tenders/opportunities/portal/screen/opportunities/topic-details/HORIZON-CL4-2025-05-MATERIALS-43-two-stage?isExactMatch=true&status=31094501,31094502,31094503&order=DESC&pageNumber=11&pageSize=50&sortBy=startDate",2026-04-14
Development of safe and sustainable by design alternatives to Perfluoroalkyl and Polyfluoroalkyl Substances (PFAS) (IA),"ec.europa.eu/info/funding-tenders/opportunities/portal/screen/opportunities/topic-details/HORIZON-CL4-2025-05-MATERIALS-51-two-stage?isExactMatch=true&status=31094501,31094502,31094503&order=DESC&pageNumber=11&pageSize=50&sortBy=startDate",2026-04-14
Demonstrators for clusters of social circular enterprises (IA),"ec.europa.eu/info/funding-tenders/opportunities/portal/screen/opportunities/topic-details/HORIZON-CL4-2025-05-TWIN-TRANSITION-21-two-stage?isExactMatch=true&status=31094501,31094502,31094503&order=DESC&pageNumber=11&pageSize=50&sortBy=startDate",2026-04-14
Advancing knowledge on the impacts of micro- and nanoplastics on human health,"ec.europa.eu/info/funding-tenders/opportunities/portal/screen/opportunities/topic-details/HORIZON-HLTH-2025-03-ENVHLTH-02-two-stage?isExactMatch=true&status=31094501,31094502,31094503&order=DESC&pageNumber=11&pageSize=50&sortBy=startDate",2026-04-16
"Advancing innovative interventions for mental, behavioural and neurodevelopmental disorders","ec.europa.eu/info/funding-tenders/opportunities/portal/screen/opportunities/topic-details/HORIZON-HLTH-2025-03-DISEASE-02-two-stage?isExactMatch=true&status=31094501,31094502,31094503&order=DESC&pageNumber=11&pageSize=50&sortBy=startDate",2026-04-16
Improving the quality of life of persons with intellectual disabilities and their families,"ec.europa.eu/info/funding-tenders/opportunities/portal/screen/opportunities/topic-details/HORIZON-HLTH-2025-03-STAYHLTH-01-two-stage?isExactMatch=true&status=31094501,31094502,31094503&order=DESC&pageNumber=11&pageSize=50&sortBy=startDate",2026-04-16
The impact of pollution on the development and progression of brain diseases and disorders,"ec.europa.eu/info/funding-tenders/opportunities/portal/screen/opportunities/topic-details/HORIZON-HLTH-2025-03-ENVHLTH-01-two-stage?isExactMatch=true&status=31094501,31094502,31094503&order=DESC&pageNumber=11&pageSize=50&sortBy=startDate",2026-04-16
Facilitating the conduct of multinational clinical studies of orphan devices and/or of highly innovative (“breakthrough”) devices,"ec.europa.eu/info/funding-tenders/opportunities/portal/screen/opportunities/topic-details/HORIZON-HLTH-2025-03-IND-03-two-stage?isExactMatch=true&status=31094501,31094502,31094503&order=DESC&pageNumber=11&pageSize=50&sortBy=startDate",2026-04-16
Driving Urban Transitions (DUT) Call 2025,"ec.europa.eu/info/funding-tenders/opportunities/portal/screen/opportunities/competitive-calls-cs/11402?isExactMatch=true&status=31094501,31094502,31094503&order=DESC&pageNumber=5&pageSize=50&sortBy=startDate",2026-04-23
Creative Innovation Lab,"ec.europa.eu/info/funding-tenders/opportunities/portal/screen/opportunities/topic-details/CREA-CROSS-2026-INNOVLAB?isExactMatch=true&status=31094501,31094502,31094503&order=DESC&pageNumber=2&pageSize=50&sortBy=startDate",2026-04-23
AI-Powered Signal Detection in Pharmacovigilance,"ec.europa.eu/info/funding-tenders/opportunities/portal/screen/opportunities/topic-details/HORIZON-JU-IHI-2025-11-03-two-stage?isExactMatch=true&status=31094501,31094502,31094503&order=DESC&pageNumber=7&pageSize=50&sortBy=startDate",2026-04-29
Understanding how infections foster and induce non-communicable diseases,"ec.europa.eu/info/funding-tenders/opportunities/portal/screen/opportunities/topic-details/HORIZON-JU-IHI-2025-11-02-two-stage?isExactMatch=true&status=31094501,31094502,31094503&order=DESC&pageNumber=7&pageSize=50&sortBy=startDate",2026-04-29
Leveraging Europe's Expertise to accelerate Cell Therapy for Type 1 Diabetes,"ec.europa.eu/info/funding-tenders/opportunities/portal/screen/opportunities/topic-details/HORIZON-JU-IHI-2025-11-04-two-stage?isExactMatch=true&status=31094501,31094502,31094503&order=DESC&pageNumber=7&pageSize=50&sortBy=startDate",2026-04-29
Towards precision medicine: platform for transdiagnostic stratification of brain dysfunction,"ec.europa.eu/info/funding-tenders/opportunities/portal/screen/opportunities/topic-details/HORIZON-JU-IHI-2025-11-01-two-stage?isExactMatch=true&status=31094501,31094502,31094503&order=DESC&pageNumber=7&pageSize=50&sortBy=startDate",2026-04-29
Establishing Ortho and Cardiology Ambulatory Surgical Centres in Europe,"ec.europa.eu/info/funding-tenders/opportunities/portal/screen/opportunities/topic-details/HORIZON-JU-IHI-2025-11-05-two-stage?isExactMatch=true&status=31094501,31094502,31094503&order=DESC&pageNumber=7&pageSize=50&sortBy=startDate",2026-04-29
VILNIUS TECH MERIT Project Re-/Up-skilling Scholarship Call,"ec.europa.eu/info/funding-tenders/opportunities/portal/screen/opportunities/competitive-calls-cs/11262?isExactMatch=true&status=31094501,31094502,31094503&order=DESC&pageNumber=5&pageSize=50&sortBy=startDate",2026-05-01
"Call for applications: FRONTIERS Science Journalism Residency Program (round 3)
","ec.europa.eu/info/funding-tenders/opportunities/portal/screen/opportunities/competitive-calls-cs/4481?isExactMatch=true&status=31094501,31094502,31094503&order=DESC&pageNumber=23&pageSize=50&sortBy=startDate",2026-05-07
UPC-MERIT Scholarship for master’s in Machine Learning and Cybersecurity for Internet Connected Systems Open Call 2025,"ec.europa.eu/info/funding-tenders/opportunities/portal/screen/opportunities/competitive-calls-cs/10445?isExactMatch=true&status=31094501,31094502,31094503&order=DESC&pageNumber=19&pageSize=50&sortBy=startDate",2026-06-01
Call No. 2 for proposals for NGOs to participate in capacity building and receive financial support,"ec.europa.eu/info/funding-tenders/opportunities/portal/screen/opportunities/competitive-calls-cs/11822?isExactMatch=true&status=31094501,31094502,31094503&order=DESC&pageNumber=4&pageSize=50&sortBy=startDate",2026-06-02
"Digitalisation and Innovation for Resilient Marine Ecosystems Businesses, and Communities to Strengthen the EU Blue Economy’s Competitiveness","ec.europa.eu/info/funding-tenders/opportunities/portal/screen/opportunities/competitive-calls-cs/11668?isExactMatch=true&status=31094501,31094502,31094503&order=DESC&pageNumber=4&pageSize=50&sortBy=startDate",2026-06-17
Open Call for the selection of EEN organisations delivering IRS Awareness and Support Services,"ec.europa.eu/info/funding-tenders/opportunities/portal/screen/opportunities/competitive-calls-cs/11762?isExactMatch=true&status=31094501,31094502,31094503&order=DESC&pageNumber=4&pageSize=50&sortBy=startDate",2026-06-30
VILNIUS TECH MERIT Project Excellence Scholarship  and Mobility Grant Award Call,"ec.europa.eu/info/funding-tenders/opportunities/portal/screen/opportunities/competitive-calls-cs/8123?isExactMatch=true&status=31094501,31094502,31094503&order=DESC&pageNumber=31&pageSize=50&sortBy=startDate",2026-06-30
"AMU Scholarships for the internship of the Master 2 « Biology & Health », study-track « AI and biomarkers » within the European Project « Advanced Digital Skills AI and Health ».","ec.europa.eu/info/funding-tenders/opportunities/portal/screen/opportunities/competitive-calls-cs/11268?isExactMatch=true&status=31094501,31094502,31094503&order=DESC&pageNumber=6&pageSize=50&sortBy=startDate",2026-07-07
Call No. 1 for proposals for NGOs to participate in capacity building and receive financial support,"ec.europa.eu/info/funding-tenders/opportunities/portal/screen/opportunities/competitive-calls-cs/11142?isExactMatch=true&status=31094501,31094502,31094503&order=DESC&pageNumber=8&pageSize=50&sortBy=startDate",2026-07-14
InnoNext - Next Generation Innovation Talents' Initiative,"ec.europa.eu/info/funding-tenders/opportunities/portal/screen/opportunities/competitive-calls-cs/10401?isExactMatch=true&status=31094501,31094502,31094503&order=DESC&pageNumber=20&pageSize=50&sortBy=startDate",2026-07-31
Impetus for the German Science System: Strategic Experimental Spaces – University Development Requires Flexibility,www.volkswagenstiftung.de/en/funding/funding-offer/impetus-german-science-system-strategic-experimental-spaces-university-development-requires-flexibility,2026-09-11
Impetus for the German Science System: Strategic Experimental Spaces – University Development Requires Flexibility,www.volkswagenstiftung.de/en/funding/funding-offer/impetus-german-science-system-strategic-experimental-spaces-university-development-requires-flexibility,2026-09-11
Impetus for the German Science System: Strategic Experimental Spaces – University Development Requires Flexibility,www.volkswagenstiftung.de/en/funding/funding-offer/impetus-german-science-system-strategic-experimental-spaces-university-development-requires-flexibility,2026-09-11
Pioneer Projects – Impetus for the German Research System,www.volkswagenstiftung.de/en/funding/funding-offer/pioneer-projects-impetus-german-research-system,2026-09-11
DIGITWIN4CIUE Reduction-Fees Scholarships,"ec.europa.eu/info/funding-tenders/opportunities/portal/screen/opportunities/competitive-calls-cs/11321?isExactMatch=true&status=31094501,31094502,31094503&order=DESC&pageNumber=6&pageSize=50&sortBy=startDate",2026-09-15
Quality Label Humanitarian Aid - Full Procedure,"ec.europa.eu/info/funding-tenders/opportunities/portal/screen/opportunities/topic-details/ESC-HUMAID-2021-QUAL-LABEL-FP?isExactMatch=true&status=31094501,31094502,31094503&order=DESC&pageNumber=115&pageSize=50&sortBy=startDate",2026-09-21
Transatlantic Bridge Professorships,www.volkswagenstiftung.de/en/funding/funding-offer/pioneering-research-exploring-unknown-unknown,2026-11-23
Pioneering Research – Exploring the Unknown Unknown,www.volkswagenstiftung.de/en/funding/funding-offer/pioneering-research-exploring-unknown-unknown,2026-11-23
Pioneering Research – Exploring the Unknown Unknown,www.volkswagenstiftung.de/en/funding/funding-offer/pioneering-research-exploring-unknown-unknown,2026-11-23
EIC STEP Scale Up,"ec.europa.eu/info/funding-tenders/opportunities/portal/screen/opportunities/topic-details/HORIZON-EIC-2026-STEP?isExactMatch=true&status=31094501,31094502,31094503&order=DESC&pageNumber=1&pageSize=50&sortBy=startDate",2026-11-25
EIC Accelerator 2026 - Short proposal,"ec.europa.eu/info/funding-tenders/opportunities/portal/screen/opportunities/topic-details/HORIZON-EIC-2026-ACCELERATOR-01?isExactMatch=true&status=31094501,31094502,31094503&order=DESC&pageNumber=1&pageSize=50&sortBy=startDate",2026-12-17
Financial support for start-ups registered in Estonia for developing new cybersecurity tools or services (Cyber Accelerator),"ec.europa.eu/info/funding-tenders/opportunities/portal/screen/opportunities/competitive-calls-cs/10941?isExactMatch=true&status=31094501,31094502,31094503&order=DESC&pageNumber=12&pageSize=50&sortBy=startDate",2027-07-02
Night Science – Space for the Creative Mind,www.volkswagenstiftung.de/en/funding/funding-offer/night-science-space-creative-mind,2027-11-23
Night Science – Space for the Creative Mind,www.volkswagenstiftung.de/en/funding/funding-offer/night-science-space-creative-mind,2027-11-23
Call for proposal for support to Slovenian and Croatian SCOs to “Go out and vote!” campaigns,"ec.europa.eu/info/funding-tenders/opportunities/portal/screen/opportunities/competitive-calls-cs/11674?isExactMatch=true&status=31094501,31094502,31094503&order=DESC&pageNumber=5&pageSize=50&sortBy=startDate",2028-01-01
 ReAction – Rapid Response Grants ,"ec.europa.eu/info/funding-tenders/opportunities/portal/screen/opportunities/competitive-calls-cs/11702?isExactMatch=true&status=31094501,31094502,31094503&order=DESC&pageNumber=5&pageSize=50&sortBy=startDate",2028-03-31
